query,translated_query,언어,ground_truth_id,category,source,작성자,비고,소스,translated_4o_mini,mongo_query_4o_mini,answer,retrieved_doc_ids,correctness,recall_at_k
"제 여자친구가 단속으로 출입국 보호소에 있습니다. 월급이 아직 들어오지 않았는데, 태국으로 가버리면 밀린 월급은 어떻게 받죠..",แฟนของผมถูกจับกุมและอยู่ที่ศูนย์กักตัวตรวจคนเข้าเมือง ตอนนี้ยังไม่ได้รับเงินเดือนเลย ถ้าต้องกลับประเทศไทยแล้ว จะได้รับเงินเดือนที่ค้างอยู่ได้อย่างไรครับ..,태국어,"['689b3a86ffd306c1cd3c09a4', '689b3a86ffd306c1cd3c071e', '689b3a86ffd306c1cd3c074b', '689b3a86ffd306c1cd3c0789', '689b3a86ffd306c1cd3c07d3', '689b3a86ffd306c1cd3c0819', '689b3a86ffd306c1cd3c084e', '689b3a86ffd306c1cd3c0855', '689b3a86ffd306c1cd3c0874', '689b3a86ffd306c1cd3c087d', '689b3a86ffd306c1cd3c087f', '689b3a86ffd306c1cd3c0887', '689b3a86ffd306c1cd3c08dc', '689b3a86ffd306c1cd3c093b']",임금체불,경기도외국인지원센터_상담사례,황예원,,https://gmhr.or.kr/case/1529?sca=%EC%9E%84%EA%B8%88%EC%B2%B4%EB%B6%88&page=2,"제 여자친구가 체포되어 이민 구금 센터에 있습니다. 지금 급여를 받지 못하고 있는데, 태국으로 돌아가야 한다면 밀린 급여를 어떻게 받을 수 있을까요?","[{'$search': {'index': 'text', 'compound': {'should': [{'text': {'query': ['임금체불', '체불임금', '급여 미지급', '임금 청구'], 'path': ['title', 'contents'], 'fuzzy': {'maxEdits': 1, 'prefixLength': 2}}}, {'phrase': {'query': '임금 체불', 'path': 'title', 'slop': 2}}], 'minimumShouldMatch': 1}, 'highlight': {'path': ['title', 'contents']}}}, {'$project': {'_id': 1, 'title': 1, 'contents': 1, 'url': 1, 'score': {'$meta': 'searchScore'}, 'highlights': {'$meta': 'searchHighlights'}}}, {'$limit': 20}]","당신의 상황에 대해 이해합니다. 여자친구분이 이민 구금 센터에 있는 동안 임금체불 문제를 해결하는 과정은 다소 복잡할 수 있지만, 다음과 같은 절차를 통해 접근할 수 있습니다.

1. **진정신고 제출**:
   - 여자친구분이 근무하던 사업장 관할 지방고용노동관서에 임금체불에 대한 진정을 제출할 수 있습니다. 이를 통해 근로감독관이 사건을 조사하고, 체불된 임금 지급을 요청할 수 있습니다.
   - 진정신고는 온라인으로 고용노동부 홈페이지를 통해 가능하며, 피해자의 명의로 또는 대리인을 통해 제출할 수 있습니다. 대리인이 제출할 경우, 위임장이 필요할 수 있습니다.
   - 신고 방법은 다음과 같습니다:
     - 고용노동부 홈페이지에 접속 → 민원마당 → 민원신청 → 임금체불 진정신고서 작성하여 제출.

2. **근로계약서 및 관련 자료 준비**:
   - 임금체불과 관련된 증빙 자료, 예를 들어 근로계약서, 급여 명세서, 근무 시간 기록 등을 준비하는 것이 중요합니다. 이러한 자료들이 신고와 조사 과정에서 큰 도움이 됩니다.

3. **전문가의 도움 받기**:
   - 상황이 복잡할 수 있으므로, 대한법률구조공단 또는 지역의 법률 상담 센터를 통해 무료 법률 상담을 받는 것도 좋은 방법입니다. 이를 통해 체불 임금에 대한 법적 절차를 더 잘 이해하고 진행할 수 있습니다.

4. **비상 연락망 구축**:
   - 여자친구분이 구금 중이기 때문에 꼭 필요한 연락망을 정리하고, 사건 발생 이후 관련된 모든 상황을 도와줄 수 있는 사람들과 소통을 유지하세요.

이러한 절차를 밟아 임금을 받을 수 있도록 하시길 바랍니다. 추가적인 질문이 있다면 언제든지 말씀해 주세요.","['689b3a86ffd306c1cd3c071e', '689b3a86ffd306c1cd3c09a4', '689b3a86ffd306c1cd3c0789', '689b3a86ffd306c1cd3c093b', '689b3a86ffd306c1cd3c0855', '689b3a86ffd306c1cd3c0819', '689b3a86ffd306c1cd3c0887', '689b3a86ffd306c1cd3c08e1', '689b3a86ffd306c1cd3c0801', '689b3a86ffd306c1cd3c07d3', '689b3a86ffd306c1cd3c098b', '689b3a86ffd306c1cd3c084e', '689b3a86ffd306c1cd3c0705', '689b3a86ffd306c1cd3c0949', '689b3a86ffd306c1cd3c07e5', '689b3a86ffd306c1cd3c0880', '689b3a86ffd306c1cd3c0872', '689b3a86ffd306c1cd3c096f', '689b3a86ffd306c1cd3c087f', '689b3a86ffd306c1cd3c087d']",1,0.7857142857142857
"안녕하세요, 건설 현장에서 일하고 있는 사람인데, 사장님이 월급을 안줘서 계좌가 압류될 것 같습니다. 이런 경우 어떻게 해야 하나요?",你好，我是在建筑工地工作的，但老板没有发工资，我的账户可能会被查封。遇到这种情况该怎么办呢？,중국어,"['689b3a86ffd306c1cd3c06e8', '689b3a86ffd306c1cd3c0744', '689b3a86ffd306c1cd3c09a4', '689b3a86ffd306c1cd3c071e', '689b3a86ffd306c1cd3c074b', '689b3a86ffd306c1cd3c0789', '689b3a86ffd306c1cd3c07d3', '689b3a86ffd306c1cd3c0819', '689b3a86ffd306c1cd3c084e', '689b3a86ffd306c1cd3c0855', '689b3a86ffd306c1cd3c0874', '689b3a86ffd306c1cd3c087d', '689b3a86ffd306c1cd3c087f', '689b3a86ffd306c1cd3c0887', '689b3a86ffd306c1cd3c08dc', '689b3a86ffd306c1cd3c093b']",임금체불,경기도외국인지원센터_상담사례,황예원,"임금체불 및 ""압류방지 통장"" (=임금채권 전용통장) 관련 데이터 필요",https://gmhr.or.kr/case/1493?sca=%EC%9E%84%EA%B8%88%EC%B2%B4%EB%B6%88&page=2,"안녕하세요, 저는 건설 현장에서 일하고 있지만 사장이 급여를 지급하지 않았습니다. 제 계좌가 압류될 수 있습니다. 이런 상황에서 어떻게 해야 할까요?","[{'$search': {'index': 'text', 'compound': {'should': [{'text': {'query': ['임금체불', '급여 미지급', '임금 청구', '계좌 압류'], 'path': ['title', 'contents'], 'fuzzy': {'maxEdits': 1, 'prefixLength': 2}}}, {'phrase': {'query': '임금 체불', 'path': 'title', 'slop': 2}}], 'minimumShouldMatch': 1}, 'highlight': {'path': ['title', 'contents']}}}, {'$project': {'_id': 1, 'title': 1, 'contents': 1, 'url': 1, 'score': {'$meta': 'searchScore'}, 'highlights': {'$meta': 'searchHighlights'}}}, {'$limit': 20}]","안녕하세요! 급여를 지급받지 못하는 상황은 매우 힘든 일입니다. 우선, 아래의 단계를 따라 해결 방안을 모색해 보시기 바랍니다.

1. **급여 지급 요청**: 우선 사장에게 급여 지급을 정중하게 요청해 보세요. 대면이 어렵다면 문자나 이메일로도 가능합니다. 만약 의사소통이 어렵다면, 가능한 내용을 기록해 두는 것이 좋습니다.

2. **근로기록 확인**: 근로계약서, 출근부, 급여명세서 등 근로 사실을 증명할 수 있는 자료를 모아 두세요. 이는 향후 문제 해결에 도움이 될 것입니다.

3. **관할 노동청에 진정 제기**: 만약 급여가 지급되지 않거나 사장이 대화를 회피하는 경우, 관할 지방고용노동청에 임금체불 진정을 제기할 수 있습니다. 진정서는 온라인 또는 직접 제출할 수 있습니다. 다음 경로를 이용해 진정서를 제출하실 수 있습니다:
   - **온라인 진정 제기**: 고용노동부 홈페이지(www.moel.go.kr) → 민원마당 → 민원신청 → 서식민원에서 ‘임금체불 진정신고서’ 작성
   - **방문하여 진정 제기**: 관할 노동청을 방문하여 해당 서류를 제출하세요. 필요하면 직원에게 도움을 요청할 수 있습니다.

4. **법률 도움 요청**: 만약 상황이 심각하다면, 대한법률구조공단에 도움을 요청하실 수 있습니다. 일정 소득 이하인 경우 무료 법률 상담을 받을 수 있습니다.

5. **자산 보호 조치**: 계좌 압류에 대한 우려가 있으시다면, 전문가의 조언을 받아 법적 조치를 고려하시는 것이 좋습니다. 경우에 따라 가압류 신청 등의 방법도 있을 수 있습니다.

이러한 단계를 통해 문제를 해결할 수 있는 방법을 찾아보시기 바랍니다. 정상적인 급여 지급과 권리 보호를 위해 꼭 필요한 조치를 취하시기 바랍니다. 힘내세요!","['689b3a86ffd306c1cd3c071e', '689b3a86ffd306c1cd3c07e5', '689b3a86ffd306c1cd3c08a7', '689b3a86ffd306c1cd3c087d', '689b3a86ffd306c1cd3c0887', '689b3a86ffd306c1cd3c09a4', '689b3a86ffd306c1cd3c0872', '689b3a86ffd306c1cd3c0819', '689b3a86ffd306c1cd3c0855', '689b3a86ffd306c1cd3c07d3', '689b3a86ffd306c1cd3c0960', '689b3a86ffd306c1cd3c0997', '689b3a86ffd306c1cd3c078e', '689b3a86ffd306c1cd3c087f', '689b3a86ffd306c1cd3c0801', '689b3a86ffd306c1cd3c0971', '689b3a86ffd306c1cd3c07a6', '689b3a86ffd306c1cd3c0995', '689b3a86ffd306c1cd3c0705', '689b3a86ffd306c1cd3c0992']",1,0.5
"안녕하세요, 저는 필리핀에서 온 노동자입니다. 5년 동안 근무를 하고 이제 제 나라로 돌아가려 해요. 그런데 회사가 망해서 월급을 못받았습니다. 제 월급을 돌려받을 방법이 없나요?","Magandang araw, ako ay isang manggagawang mula sa Pilipinas. Nagtatrabaho ako nang 5 taon at ngayon ay babalik na sana ako sa aking bansa. Ngunit nalugi ang kompanya kaya hindi ko natanggap ang aking sahod. Wala po ba talagang paraan para mabawi ko ang aking sahod?",필리핀어 (타갈로그어),['689b3a86ffd306c1cd3c09a4'],임금체불,경기도외국인지원센터_상담사례,황예원,체당금 관련 데이터 필요,https://gmhr.or.kr/case/1667?sca=%EC%9E%84%EA%B8%88%EC%B2%B4%EB%B6%88,"안녕하세요, 저는 필리핀에서 온 근로자입니다. 5년 동안 일했는데 이제 고국으로 돌아가려고 합니다. 하지만 회사가 망해서 급여를 받지 못했습니다. 제 급여를 회수할 방법이 정말 없나요?","[{'$search': {'index': 'text', 'compound': {'should': [{'text': {'query': ['임금체불', '체불임금', '급여 미지급', '임금 청구'], 'path': ['title', 'contents'], 'fuzzy': {'maxEdits': 1, 'prefixLength': 2}}}, {'phrase': {'query': '급여 회수', 'path': 'title', 'slop': 2}}], 'minimumShouldMatch': 1}, 'highlight': {'path': ['title', 'contents']}}}, {'$project': {'_id': 1, 'title': 1, 'contents': 1, 'url': 1, 'score': {'$meta': 'searchScore'}, 'highlights': {'$meta': 'searchHighlights'}}}, {'$limit': 20}]","안녕하세요! 어려운 상황에 처해 계신 것 같아 안타깝습니다. 급여를 받지 못한 경우에도 법적으로 보호받을 수 있는 방법이 있습니다.

1. **임금체불 신고**: 먼저, 사업장이 소재한 지역의 지방고용노동관서에 임금체불에 대한 진정서를 제출하실 수 있습니다. 임금체불은 법적으로 심각한 문제이므로, 즉시 신고하는 것이 좋습니다.

   - **진정서 제출 방법**:
     - 고용노동부 홈페이지에 방문하여 '민원마당'에서 '임금체불 진정신고서'를 작성 후 온라인으로 제출할 수 있습니다.
     - 또는 해당 지방고용노동관서에 직접 방문하여 진정서를 작성하고 제출하실 수도 있습니다.

2. **증빙 자료 준비**: 진정서를 제출할 때는 근로계약서, 급여명세서, 출근 기록 등의 증빙 자료를 함께 제출하면 더 큰 도움이 됩니다. 이러한 자료들이 임금 체불 사실을 입증하는 데 필요할 수 있습니다.

3. **법률 상담**: 추가적으로, 대한법률구조공단에 문의하셔서 무료 법률 상담을 받을 수 있습니다. 그들은 체불임금 문제에 대한 경험이 있으므로, 귀하의 상황에 맞는 조언을 받을 수 있습니다. 연락처는 132 또는 [웹사이트](http://www.klac.or.kr)를 통해 확인하실 수 있습니다.

4. **국민신문고 이용하기**: 국민신문고를 통해 민원을 신고할 수도 있습니다. 이 경우에도 임금체불 문제에 대한 조사가 이루어질 것입니다.

해당 절차를 통해 진전을 보실 수 있기를 바랍니다. 응원합니다! 추가 궁금한 사항이 있으면 언제든지 문의해 주세요.","['689b3a86ffd306c1cd3c0801', '689b3a86ffd306c1cd3c0872', '689b3a86ffd306c1cd3c093b', '689b3a86ffd306c1cd3c0705', '689b3a86ffd306c1cd3c0789', '689b3a86ffd306c1cd3c0815', '689b3a86ffd306c1cd3c0819', '689b3a86ffd306c1cd3c09a4', '689b3a86ffd306c1cd3c0855', '689b3a86ffd306c1cd3c071e', '689b3a86ffd306c1cd3c0949', '689b3a86ffd306c1cd3c0887', '689b3a86ffd306c1cd3c087d', '689b3a86ffd306c1cd3c07e5', '689b3a86ffd306c1cd3c084e', '689b3a86ffd306c1cd3c07d3', '689b3a86ffd306c1cd3c096f', '689b3a86ffd306c1cd3c0880', '689b3a86ffd306c1cd3c087f', '689b3a86ffd306c1cd3c08e1']",1,1.0
"사업장 변경 신청 이후 제가 불법체류자가 될 수 있다는 우편이 날아왔어요. 8월 22일까지만 체류가 허가되어있고, 9월부터는 쫓겨날 수도 있대요. 어떡하죠?",在申请变更工作单位之后，我收到了一封信，说我可能会变成非法滞留者。只被允许停留到8月22日，从9月开始可能会被驱逐。我该怎么办呢？,중국어,"['689b3a86ffd306c1cd3c0680', '689b3a86ffd306c1cd3c0683', '689b3a86ffd306c1cd3c06d2', '689b3a86ffd306c1cd3c072a', '689b3a86ffd306c1cd3c072b', '689b3a86ffd306c1cd3c074a', '689b3a86ffd306c1cd3c07b1', '689b3a86ffd306c1cd3c0831', '689b3a86ffd306c1cd3c0840', '689b3a86ffd306c1cd3c08d6', '689b3a86ffd306c1cd3c093f', '689b3a86ffd306c1cd3c072a', '689b3a86ffd306c1cd3c081f', '689b3a86ffd306c1cd3c082b', '689b3a86ffd306c1cd3c0837', '689b3a86ffd306c1cd3c088c', '689b3a86ffd306c1cd3c092f', '689b3a86ffd306c1cd3c0930', '689b3a86ffd306c1cd3c092c', '689b3a86ffd306c1cd3c0831']",체류자격,경기도외국인지원센터_상담사례,황예원,,https://gmhr.or.kr/case/1679?sca=%EC%B2%B4%EB%A5%98%EC%9E%90%EA%B2%A9,"직장 변경 신청 후, 불법 체류자가 될 수 있다는 편지를 받았습니다. 8월 22일까지만 체류가 허용되며, 9월부터는 추방될 수 있다고 합니다. 저는 어떻게 해야 하나요?","[{'$search': {'index': 'text', 'compound': {'should': [{'text': {'query': ['불법 체류', '체류 허가', '추방', '비자 문제'], 'path': ['title', 'contents'], 'fuzzy': {'maxEdits': 1, 'prefixLength': 2}}}, {'phrase': {'query': '불법 체류', 'path': 'title', 'slop': 2}}], 'minimumShouldMatch': 1}, 'highlight': {'path': ['title', 'contents']}}}, {'$project': {'_id': 1, 'title': 1, 'contents': 1, 'url': 1, 'score': {'$meta': 'searchScore'}, 'highlights': {'$meta': 'searchHighlights'}}}, {'$limit': 20}]","올바른 절차를 따라 직장 변경을 위해 노력하신 것 같아 안타깝습니다. 여기에서 취해야 할 몇 가지 조치를 안내해 드리겠습니다.

1. **비자 확인 및 연장 신청**: 현재 체류허가 기간이 언제까지인지 확인해보세요. 그리고 체류 기간이 만료되기 전에 비자 연장 허가를 신청해야 합니다. 이때, 관할 출입국 관리 사무소를 통해 필요한 서류를 준비하여 제출해야 합니다. 비자 연장 신청은 본인이 직접 해야 하며, 빠른 시일 내에 진행하는 것이 중요합니다.

2. **직장 변경 승인 요청**: 만약 현재의 직장을 변경하고자 한다면, 기존의 비자가 체류하는 동안에 직장 변경을 위해 관할 출입국 관리 사무소에 요청해야 합니다. 변경하려는 직장과 고용계약서 등의 서류를 제출해야 합니다.

3. **법률 상담**: 상황이 복잡한 경우, 법률 전문가와 상담하는 것이 좋습니다. 이미 취업 비자 여부와 직장 변경 문제에 대해 다양한 규정이 있으므로, 전문적인 법률 상담을 통해 정확한 조언을 받을 수 있습니다.

4. **추방 가능성에 대한 준비**: 만약 불법 체류가 우려되는 상황이라면, 가능한 모든 방법으로 체류 자격을 유지하도록 노력해야 합니다. 필요 시 출입국 관리 사무소에 방문하여 추가적인 상담을 받을 수 있습니다.

5. **관련 기관에 문의**: 문제에 대해 즉각적으로 대처하기 위해 고용노동부나 외국인종합안내센터(☎1345)와 같은 관련 기관에 직접 문의하여 도움을 요청하는 것도 좋은 방법입니다.

시간이 많지 않으니, 신속하게 필요한 절차를 밟으시길 바랍니다. 문제가 해결되기를 바랍니다!","['689b3a86ffd306c1cd3c096f', '689b3a86ffd306c1cd3c0912', '689b3a86ffd306c1cd3c0688', '689b3a86ffd306c1cd3c06e1', '689b3a86ffd306c1cd3c0775', '689b3a86ffd306c1cd3c0842', '689b3a86ffd306c1cd3c0802', '689b3a86ffd306c1cd3c096d', '689b3a86ffd306c1cd3c06de', '689b3a86ffd306c1cd3c06f1', '689b3a86ffd306c1cd3c06dc', '689b3a86ffd306c1cd3c0913', '689b3a86ffd306c1cd3c08a1', '689b3a86ffd306c1cd3c0915', '689b3a86ffd306c1cd3c073f', '689b3a86ffd306c1cd3c0909', '689b3a86ffd306c1cd3c09a5', '689b3a86ffd306c1cd3c08f8', '689b3a86ffd306c1cd3c0917', '689b3a86ffd306c1cd3c08ee']",0,0.0
"제가 중간에 퇴직을 하게 되었는데, 소득세가 체납되어 비자 연장이 안된대요. 그런데 안내 사항을 못알아듣겠어요.",我中途离职了，但是因为拖欠所得税，签证无法延期。可是我听不懂相关的通知内容。,중국어,"['689b3a86ffd306c1cd3c08f8', '689b3a86ffd306c1cd3c08f0', '689b3a86ffd306c1cd3c085a']",체류자격,경기도외국인지원센터_상담사례,황예원,,https://gmhr.or.kr/case/1703?sca=%EC%B2%B4%EB%A5%98%EC%9E%90%EA%B2%A9,"저는 중간에 퇴사했지만, 소득세 체납 때문에 비자를 연장할 수 없습니다. 관련 통지 내용을 이해하지 못했습니다.","[{'$search': {'index': 'text', 'compound': {'should': [{'text': {'query': ['소득세 체납', '비자 연장', '퇴사', '통지 내용'], 'path': ['title', 'contents'], 'fuzzy': {'maxEdits': 1, 'prefixLength': 2}}}, {'phrase': {'query': '소득세 체납', 'path': 'title', 'slop': 2}}], 'minimumShouldMatch': 1}, 'highlight': {'path': ['title', 'contents']}}}, {'$project': {'_id': 1, 'title': 1, 'contents': 1, 'url': 1, 'score': {'$meta': 'searchScore'}, 'highlights': {'$meta': 'searchHighlights'}}}, {'$limit': 20}]","소득세 체납으로 인해 비자 연장이 어려운 상황에 대해 설명드리겠습니다.

1. **소득세 체납 확인**: 한국에서는 외국인도 소득세를 납부해야 하며, 체납 사실이 있으면 비자 연장 신청 시 문제가 발생합니다. 출입국관리공무원이 세무서로부터 제공받은 체납 정보를 바탕으로 비자 연장을 처리합니다.

2. **비자 연장 신청**: 비자 연장을 원하신다면, 먼저 체납된 세금을 모두 납부해야 합니다. 그러면 출입국관리청에서 정상적인 비자 연장이 가능합니다.

3. **납부 방법**: 세금은 가까운 세무서나 인터넷 뱅킹을 통해 확인하고 납부할 수 있습니다. 또한, 세무서에 직접 방문하여 문의하면 필요한 절차와 금액에 대해 안내받을 수 있습니다.

4. **체납액 확인**: 본인의 세금 체납 내역은 국세청 홈택스 웹사이트에서 로그인 후 확인하실 수 있습니다. 체납된 금액이 얼마인지 파악하는 것이 중요합니다.

5. **연장 신청 예외**: 만약 체납이 해소되기 전에 비자를 연장할 수 있는 특별한 사유가 있다면, 연장 요청을 하실 수 있지만, 승인 여부는 경우에 따라 달라질 수 있습니다.

반드시 체납된 세금을 먼저 해결하시고 이후 연장 절차를 진행하시는 것이 필요합니다. 추가적인 도움이나 문의사항이 있으시면 가까운 외국인종합안내센터(☎1345) 또는 관할 세무서에 문의하시기 바랍니다.","['689b3a86ffd306c1cd3c0758', '689b3a86ffd306c1cd3c08f8', '689b3a86ffd306c1cd3c09a2', '689b3a86ffd306c1cd3c06ef', '689b3a86ffd306c1cd3c06ca', '689b3a86ffd306c1cd3c06de', '689b3a86ffd306c1cd3c09a3', '689b3a86ffd306c1cd3c0865', '689b3a86ffd306c1cd3c068e', '689b3a86ffd306c1cd3c0995', '689b3a86ffd306c1cd3c0873', '689b3a86ffd306c1cd3c085a', '689b3a86ffd306c1cd3c09a5', '689b3a86ffd306c1cd3c06dc', '689b3a86ffd306c1cd3c06e4', '689b3a86ffd306c1cd3c0693', '689b3a86ffd306c1cd3c0978', '689b3a86ffd306c1cd3c098a', '689b3a86ffd306c1cd3c0837', '689b3a86ffd306c1cd3c0979']",1,0.6666666666666666
"회사에서 갑자기 나오지 말라고 해서, 체류 자격이 박탈될 것 같습니다. 저는 어떻게 해야 하나요?","Công ty đột ngột bảo tôi đừng đến nữa, nên có thể tôi sẽ bị tước tư cách lưu trú. Tôi phải làm thế nào?",베트남어,"['689b3a86ffd306c1cd3c06dc', '689b3a86ffd306c1cd3c06de', '689b3a86ffd306c1cd3c06ef', '689b3a86ffd306c1cd3c06f0', '689b3a86ffd306c1cd3c06f3', '689b3a86ffd306c1cd3c072b', '689b3a86ffd306c1cd3c0910', '689b3a86ffd306c1cd3c0912']",부당해고,경기도외국인지원센터_상담사례,황예원,,,"회사가 갑자기 더 이상 출근하지 말라고 해서, 제가 체류 자격을 잃을 수 있습니다. 어떻게 해야 할까요?","[{'$search': {'index': 'text', 'compound': {'should': [{'text': {'query': ['체류 자격', '비자 문제', '체류 허가', '이민 상담'], 'path': ['title', 'contents'], 'fuzzy': {'maxEdits': 1, 'prefixLength': 2}}}, {'phrase': {'query': '체류 자격', 'path': 'title', 'slop': 2}}], 'minimumShouldMatch': 1}, 'highlight': {'path': ['title', 'contents']}}}, {'$project': {'_id': 1, 'title': 1, 'contents': 1, 'url': 1, 'score': {'$meta': 'searchScore'}, 'highlights': {'$meta': 'searchHighlights'}}}, {'$limit': 20}]","회사가 갑자기 출근하지 말라고 한 경우, 체류 자격에 문제가 생길 수 있어 걱정이 많으실 것 같습니다. 우선 적절한 조치를 취하는 것이 중요합니다. 다음과 같은 단계를 고려해 보세요.

1. **근로계약서 확인**: 먼저, 근로계약서의 내용을 확인하여 해고 통지 절차가 제대로 이루어졌는지 검토해 보세요. 회사가 정당한 절차 없이 근로계약을 해지했다면, 법적으로 문제가 있을 수 있습니다.

2. **고용지원센터 상담**: 즉시 관할 고용지원센터에 문의하여 상황을 설명하고 상담을 받으세요. 필요한 경우, 귀하의 권리를 보호하기 위한 대처 방안을 추천받을 수 있습니다.

3. **체류 자격 관리**: 체류 자격을 유지하기 위해서는 경과된 체류 자격이 만료되기 전에 새로운 업무를 찾거나 체류 자격을 연장해야 합니다. 현재 상황에서 체류 자격이 만료되지 않도록 조치를 취하는 것이 중요합니다.

4. **새로운 근무처 찾기**: 만약 다른 일자리를 찾는 것이 가능하다면, 비자 조건에 맞는 새로운 근무지에서 고용 계약을 체결하면 좋습니다. 비전문 취업(E-9) 비자의 경우, 고용센터를 통해 다른 사업장으로의 변경 신청이 가능합니다.

5. **법적 자문**: 상황이 복잡하거나 회사와의 갈등이 발생한다면, 법률 전문가에게 상담하여 적절한 법적 조치를 취하는 것이 필요할 수 있습니다.

이와 같은 조치를 통해 귀하의 권리와 체류 자격을 보호할 수 있습니다. 추가적으로 궁금한 점이나 도움이 필요하시면 언제든지 말씀해 주세요!","['689b3a86ffd306c1cd3c096d', '689b3a86ffd306c1cd3c06f2', '689b3a86ffd306c1cd3c07ff', '689b3a86ffd306c1cd3c06e1', '689b3a86ffd306c1cd3c06db', '689b3a86ffd306c1cd3c06fc', '689b3a86ffd306c1cd3c06fb', '689b3a86ffd306c1cd3c0695', '689b3a86ffd306c1cd3c0775', '689b3a86ffd306c1cd3c06da', '689b3a86ffd306c1cd3c0912', '689b3a86ffd306c1cd3c06d9', '689b3a86ffd306c1cd3c06a2', '689b3a86ffd306c1cd3c0885', '689b3a86ffd306c1cd3c067e', '689b3a86ffd306c1cd3c06de', '689b3a86ffd306c1cd3c06dc', '689b3a86ffd306c1cd3c06f3', '689b3a86ffd306c1cd3c0913', '689b3a86ffd306c1cd3c07da']",1,0.5
"건설업에 근무 중인 외국인입니다. 어떤 경우에 산업재해가 인정되는지, 또 경우에 따라 얼마만큼 보상을 받을 수 있는지 알고 싶어요.",ผม/ดิฉันเป็นแรงงานต่างชาติที่ทำงานอยู่ในอุตสาหกรรมก่อสร้าง อยากทราบว่าในกรณีใดบ้างที่ถือว่าเป็นอุบัติเหตุจากการทำงาน และในแต่ละกรณีสามารถได้รับค่าชดเชยเป็นจำนวนเท่าใด,태국어,"['689b3a86ffd306c1cd3c0800', '689b3a86ffd306c1cd3c09a9', '689b3a86ffd306c1cd3c09aa', '689b3a86ffd306c1cd3c09ab', '689b3a86ffd306c1cd3c09ad']",산재,"""산업재해"", ""법률"" 관련 문서",황예원,,,"저는 건설 산업에서 일하는 외국인 노동자입니다. 어떤 경우에 작업 중 사고로 간주되는지 알고 싶고, 각 경우에 얼마나 보상을 받을 수 있는지 궁금합니다.","[{'$search': {'index': 'text', 'compound': {'should': [{'text': {'query': ['작업 중 사고', '산업 재해', '보상 금액', '외국인 노동자'], 'path': ['title', 'contents'], 'fuzzy': {'maxEdits': 1, 'prefixLength': 2}}}, {'phrase': {'query': '작업 중 사고', 'path': 'title', 'slop': 2}}], 'minimumShouldMatch': 1}, 'highlight': {'path': ['title', 'contents']}}}, {'$project': {'_id': 1, 'title': 1, 'contents': 1, 'url': 1, 'score': {'$meta': 'searchScore'}, 'highlights': {'$meta': 'searchHighlights'}}}, {'$limit': 20}]","건설 산업에서 근무하는 외국인 노동자로서, 작업 중 사고가 발생하면 특정 조건을 충족할 경우 이를 ""업무상 재해""로 간주하게 됩니다. 업무 중 사고로 인정되는 경우는 다음과 같습니다:

1. **근로계약에 따른 업무수행 행위 중 사고**: 본래의 업무를 수행하던 중에 발생한 사고는 모두 업무상 재해로 인정됩니다.

2. **사업주가 제공한 시설물 등의 결함이나 관리소홀로 인한 사고**: 예를 들어, 건설 현장에서 사용 중인 장비가 고장나거나 안전 조치가 부족해 사고가 발생한 경우입니다.

3. **사업주가 주관하거나 지시한 행사 또는 그 행사 준비 중 사고**: 예를 들어, 안전 교육이나 시공 관련 세미나 중 발생한 사고도 업무상 재해에 해당합니다.

4. **휴게시간 중 사업주의 지배관리 하에 있다고 볼 수 있는 행위로 발생한 사고**: 예를 들어, 휴게시간 중 구내식당으로 가던 중 사고가 발생한 경우입니다.

5. **사업장 밖에서의 업무수행 중 사고**: 사업주의 지시를 받아 출장 등으로 외부에서 작업하다가 사고가 발생한 경우도 포함됩니다.

### 보상 내용
업무상 재해로 인정될 경우 받을 수 있는 보상의 종류는 다음과 같습니다:

1. **요양급여**: 치료를 받는 동안 발생하는 의료비용이 보상됩니다.

2. **휴업급여**: 요양으로 인해 일정 기간 일하지 못한 경우, 평균임금의 70%를 보상받습니다.

3. **장해급여**: 부상이나 질병으로 인해 장해가 남은 경우, 장해의 정도에 따라 일시금 또는 연금 형태로 지급됩니다.

4. **유족급여**: 만약 사망 사고가 발생한 경우, 유족에게 보상이 지급됩니다.

각 보상 금액은 평균 임금을 기준으로 산정되며, 구체적인 금액은 해당 근로자의 근로 조건, 상해 정도에 따라 다르게 책정됩니다.

작업 중 사고에 대한 보상 문제는 법적이나 정책적인 변동이 있을 수 있으므로, 구체적인 사고 내용을 공유해 주시면 더욱 자세한 상담이 가능할 것입니다. 필요한 경우, 근로복지공단이나 법률 상담 서비스에 직접 문의하시는 것도 좋은 방법입니다.","['689b3a86ffd306c1cd3c09c3', '689b3a86ffd306c1cd3c06fe', '689b3a86ffd306c1cd3c09c8', '689b3a86ffd306c1cd3c09c6', '689b3a86ffd306c1cd3c06f1', '689b3a86ffd306c1cd3c09b3', '689b3a86ffd306c1cd3c09c9', '689b3a86ffd306c1cd3c09c4', '689b3a86ffd306c1cd3c0956', '689b3a86ffd306c1cd3c09b5', '689b3a86ffd306c1cd3c09c7', '689b3a86ffd306c1cd3c09b2', '689b3a86ffd306c1cd3c09b4', '689b3a86ffd306c1cd3c09ad', '689b3a86ffd306c1cd3c09b6', '689b3a86ffd306c1cd3c09ab', '689b3a86ffd306c1cd3c09a7', '689b3a86ffd306c1cd3c09a8', '689b3a86ffd306c1cd3c09ac', '689b3a86ffd306c1cd3c09a6']",1,0.4
"안녕하세요, 저는 베트남에 거주중인 재외동포입니다. 이번에 특례고용허가제를 통해 한국에서 취업을 하고 싶은데, 절차에 대해서 상세하게 알려주세요.","Xin chào, tôi là kiều bào đang sinh sống tại Việt Nam. Lần này, tôi muốn xin việc tại Hàn Quốc thông qua Chế độ cấp phép lao động đặc biệt. Xin vui lòng cho tôi biết chi tiết về thủ tục.",베트남어,"['689b3a86ffd306c1cd3c072b', '689b3a86ffd306c1cd3c074d', '689b3a86ffd306c1cd3c075e', '689b3a86ffd306c1cd3c077e', '689b3a86ffd306c1cd3c0795', '689b3a86ffd306c1cd3c07c1', '689b3a86ffd306c1cd3c07d0', '689b3a86ffd306c1cd3c07d9', '689b3a86ffd306c1cd3c07e2', '689b3a86ffd306c1cd3c07fa', '689b3a86ffd306c1cd3c0812', '689b3a86ffd306c1cd3c081b', '689b3a86ffd306c1cd3c082a', '689b3a86ffd306c1cd3c082b', '689b3a86ffd306c1cd3c0990']",체류자격,"""특례고용허가제"" 관련 자료",황예원,,,"안녕하세요, 저는 베트남에 거주하는 교포입니다. 이번에 특별 노동 허가 제도를 통해 한국에서 일자리를 구하고 싶습니다. 절차에 대한 자세한 정보를 알려주세요.","[{'$search': {'index': 'text', 'compound': {'should': [{'text': {'query': ['특별 노동 허가', '노동 허가 절차', '한국 취업', '비자 신청'], 'path': ['title', 'contents'], 'fuzzy': {'maxEdits': 1, 'prefixLength': 2}}}, {'phrase': {'query': '노동 허가 절차', 'path': 'title', 'slop': 2}}], 'minimumShouldMatch': 1}, 'highlight': {'path': ['title', 'contents']}}}, {'$project': {'_id': 1, 'title': 1, 'contents': 1, 'url': 1, 'score': {'$meta': 'searchScore'}, 'highlights': {'$meta': 'searchHighlights'}}}, {'$limit': 20}]","안녕하세요! 특별 노동 허가 제도를 통해 한국에서 일자리 구하는 것에 대해 안내드리겠습니다.

1. **특별 한국어 시험**: 먼저, 특별 노동 허가를 받기 위해서는 특별 한국어 시험에 합격해야 합니다. 이 시험에 합격하면 한국에서 일자리를 찾을 수 있는 자격을 얻습니다.

2. **구직 등록**: 시험에 합격한 후, 송출 기관을 통해 구직 등록을 해야 합니다. 그러면 고용센터에 구직자로 등재되고, 고용센터에서 사업장에 외국인 노동자를 고용할 수 있도록 허가를 요청하는 문자를 발송합니다.

3. **고용 허가서**: 고용센터에서 받은 문자가 발송된 후 25일 이내에 고용 허가서를 발급받아야 합니다. 발급된 고용 허가서를 바탕으로 사업장에 지정 알선되어 채용이 진행됩니다.

4. **근무 기간**: 출국 전 최종 사업장에서 근무한 기간이 1년 이상이라면, 같은 사업장에서 다시 일할 수 있는 자격을 얻습니다. 만약 1년 미만인 경우는 다른 신규 입국 외국인과 같이 고용센터 알선을 통해 입국하게 됩니다.

5. **기타 사항**: 특별 노동 허가 제도는 사업장 변경에 제약이 없으므로, 이전에 근무했던 곳이 아닌 다른 사업장에서도 일을 할 수 있습니다.

궁금한 점이나 추가 질문이 있으시면 언제든지 말씀해 주세요!","['689b3a86ffd306c1cd3c0943', '689b3a86ffd306c1cd3c084a', '689b3a86ffd306c1cd3c0747', '689b3a86ffd306c1cd3c072a', '689b3a86ffd306c1cd3c091d', '689b3a86ffd306c1cd3c091a', '689b3a86ffd306c1cd3c0923', '689b3a86ffd306c1cd3c092e', '689b3a86ffd306c1cd3c0925', '689b3a86ffd306c1cd3c0946', '689b3a86ffd306c1cd3c074d', '689b3a86ffd306c1cd3c08c5', '689b3a86ffd306c1cd3c091b', '689b3a86ffd306c1cd3c0812', '689b3a86ffd306c1cd3c08d6', '689b3a86ffd306c1cd3c0822', '689b3a86ffd306c1cd3c07d9', '689b3a86ffd306c1cd3c07c1', '689b3a86ffd306c1cd3c093f', '689b3a86ffd306c1cd3c0940']",1,0.26666666666666666
"H-2 비자를 가지고 있는데, 지금 일하고 있는 사업주를 떠나 다른 사업장으로 옮길 수 있는지, 또 옮기려면 어떤 절차와 증빙자료가 필요한지 궁금해요.","I have an H-2 visa, and I’m wondering if I can leave my current employer and move to another workplace. If so, what procedures and supporting documents are required?",영어,"['689b3a86ffd306c1cd3c072', '689b3a86ffd306c1cd3c074b', '689b3a86ffd306c1cd3c074d', '689b3a86ffd306c1cd3c0831']",체류자격,"""H-2"", ""사업장변경"" 관련 자료",황예원,,,"저는 H-2 비자를 가지고 있는데, 현재 고용주를 떠나 다른 직장으로 옮길 수 있는지 궁금합니다. 가능하다면 어떤 절차와 지원 서류가 필요한가요?","[{'$search': {'index': 'text', 'compound': {'should': [{'text': {'query': ['H-2 비자', '고용주 변경', '직장 이동', '비자 절차'], 'path': ['title', 'contents'], 'fuzzy': {'maxEdits': 1, 'prefixLength': 2}}}, {'phrase': {'query': 'H-2 비자 고용주 변경', 'path': 'title', 'slop': 2}}], 'minimumShouldMatch': 1}, 'highlight': {'path': ['title', 'contents']}}}, {'$project': {'_id': 1, 'title': 1, 'contents': 1, 'url': 1, 'score': {'$meta': 'searchScore'}, 'highlights': {'$meta': 'searchHighlights'}}}, {'$limit': 20}]","H-2 비자 소지자로서 다른 직장으로 옮기는 것은 가능하지만, 반드시 필요한 절차를 따라야 합니다. H-2 비자는 특정한 고용주와의 관계에 기반하고 있기 때문에, 새로운 고용주와의 계약을 체결하기 전에 몇 가지 단계를 거쳐야 합니다.

1. **현재 고용주와의 계약 종료**: 먼저, 현재 고용주와의 근로계약이 종료되어야 합니다. 계약이 종료되기 전에는 새로운 고용주와의 계약을 체결할 수 없습니다.

2. **관할 출입국관리사무소에 신고**: 새로운 직장으로 이동하기 위해서는 관할 출입국 관리사무소에 가서 고용주 변경 신고를 해야 합니다. 이 과정에서 필요한 서류는 다음과 같습니다:
   - 변경할 고용주와의 근로계약서 사본
   - 현재 고용주의 근로계약 종료를 입증할 서류 (예: 퇴사서)
   - 신청서 (출입국관리사무소에서 제공)
   - 외국인 등록증 사본

3. **신고 후 처리 대기**: 신고가 완료되면, 출입국관리사무소에서 해당 사항을 검토한 후 결과를 통보합니다. 이 과정은 일반적으로 며칠이 걸릴 수 있습니다.

4. **새로운 근로계약 체결**: 변경 승인이 나면, 새로운 근로계약을 체결하고 근무를 시작할 수 있습니다.

이 모든 과정과 서류 제출은 최대한 빨리 진행하는 것이 좋습니다. 추가적인 궁금증이나 도움이 필요하시면 가까운 외국인종합안내센터에 문의해 주세요. 도움이 되길 바랍니다!","['689b3a86ffd306c1cd3c08cc', '689b3a86ffd306c1cd3c089f', '689b3a86ffd306c1cd3c0912', '689b3a86ffd306c1cd3c06fb', '689b3a86ffd306c1cd3c084a', '689b3a86ffd306c1cd3c0747', '689b3a86ffd306c1cd3c0779', '689b3a86ffd306c1cd3c0748', '689b3a86ffd306c1cd3c0923', '689b3a86ffd306c1cd3c07d9', '689b3a86ffd306c1cd3c07b1', '689b3a86ffd306c1cd3c0795', '689b3a86ffd306c1cd3c081b', '689b3a86ffd306c1cd3c0818', '689b3a86ffd306c1cd3c07f2', '689b3a86ffd306c1cd3c074d', '689b3a86ffd306c1cd3c0755', '689b3a86ffd306c1cd3c09a5', '689b3a86ffd306c1cd3c0692', '689b3a86ffd306c1cd3c090c']",1,0.25
고용주가 지속적으로 임금체불을 하여 사업장 변경을 원합니다.,นายจ้างค้างค่าจ้างอย่างต่อเนื่อง ทำให้ผม/ดิฉันต้องการย้ายสถานที่ทำงาน,태국어,['689b3a86ffd306c1cd3c072'],고용허가,경기도외국인지원센터_상담사례,황예원,,https://gmis.or.kr/case/1692,고용주가 지속적으로 임금을 체불하여 저는 직장을 옮기고 싶습니다.,"[{'$search': {'index': 'text', 'compound': {'should': [{'text': {'query': ['임금체불', '체불임금', '급여 미지급'], 'path': ['title', 'contents'], 'fuzzy': {'maxEdits': 1, 'prefixLength': 2}}}, {'phrase': {'query': '임금 체불', 'path': 'title', 'slop': 2}}], 'minimumShouldMatch': 1}, 'highlight': {'path': ['title', 'contents']}}}, {'$project': {'_id': 1, 'title': 1, 'contents': 1, 'url': 1, 'score': {'$meta': 'searchScore'}, 'highlights': {'$meta': 'searchHighlights'}}}, {'$limit': 20}]","직장을 옮기고 싶으시다면 우선적으로 현재의 임금 체불 문제를 해결하는 것이 중요합니다. 다음과 같은 절차를 통해 도움을 받을 수 있습니다:

1. **임금 체불 확인**: 고용주가 임금을 체불한 정확한 내역을 확인하세요. 언제부터 얼마의 금액이 미지급되었는지 기록을 남기는 것이 좋습니다.

2. **관할 노동청에 진정 제기**: 임금 체불이 발생한 경우, 사업장 소속 지역의 지방고용노동청에 진정을 제기할 수 있습니다. 진정을 제기하는 방법은 두 가지가 있습니다:
   - **방문 신고**: 직접 관할 지방고용노동청을 방문하여 신청서를 작성하고 제출합니다.
   - **온라인 신고**: 고용노동부 홈페이지(www.moel.go.kr)에 접속하여 ‘민원신청’ 메뉴를 통해 진정서를 작성 후 제출할 수 있습니다. 회원가입이나 공인인증서가 필요할 수 있습니다.

3. **증빙자료 준비**: 임금 체불에 대한 증거(근로계약서, 급여명세서, 근무시간 증빙자료 등)를 준비하는 것이 중요합니다. 그러면 근로감독관의 조사에 더 많은 도움이 됩니다.

4. **새 직장 탐색**: 현재 근무 중인 직장에서 임금 체불 문제 해결 후에 새로운 직장으로 옮기는 것이 좋습니다. 퇴직 후 14일 이내에 임금이 지급받지 못하였을 경우에도 동일하게 진정 제기를 할 수 있습니다.

5. **법적 지원**: 만약 더 이상의 도움이 필요하시다면 대한법률구조공단에 상담을 요청하실 수 있습니다. 이 단체는 무료 법률 상담을 제공하므로 활용해보시기 바랍니다.

6. **환경 조성**: 같은 상황에 있는 동료 또는 커뮤니티와 정보 공유를 통해 합리적 대응 방법을 논의해보는 것도 도움이 될 수 있습니다.

이와 같은 절차를 통해 처진 상황을 해결하는 동시에 안정적으로 다음 단계로 나아가시길 바랍니다. 추가적인 질문이 있으시면 언제든지 물어보세요.","['689b3a86ffd306c1cd3c0789', '689b3a86ffd306c1cd3c0855', '689b3a86ffd306c1cd3c0874', '689b3a86ffd306c1cd3c087f', '689b3a86ffd306c1cd3c0819', '689b3a86ffd306c1cd3c07e5', '689b3a86ffd306c1cd3c08e1', '689b3a86ffd306c1cd3c07d3', '689b3a86ffd306c1cd3c084e', '689b3a86ffd306c1cd3c071e', '689b3a86ffd306c1cd3c087d', '689b3a86ffd306c1cd3c08a7', '689b3a86ffd306c1cd3c0887', '689b3a86ffd306c1cd3c0872', '689b3a86ffd306c1cd3c09a4', '689b3a86ffd306c1cd3c0801', '689b3a86ffd306c1cd3c093b', '689b3a86ffd306c1cd3c078e', '689b3a86ffd306c1cd3c0705', '689b3a86ffd306c1cd3c0960']",0,0.0
"실업급여를 받던 중 조기에 재취업을 하게 되면 ‘조기재취업수당’을 받을 수 있다고 들었습니다. 재취업 후 어느 정도 기간을 근무해야 하고, 어떤 경우에는 지급이 제한되나요?",失業給付を受けている途中で早期に再就職した場合、「早期再就職手当」を受け取れると聞きました。再就職後はどのくらいの期間勤務する必要があり、どのような場合に支給が制限されますか？,일본어,"['689b3a86ffd306c1cd3c092d', '689b3a86ffd306c1cd3c092c']",사업장변경,https://www.workinkorea.org/,홍석주,,,"실업급여를 받는 도중에 조기 재취업을 하면 '조기 재취업 수당'을 받을 수 있다고 들었습니다. 재취업 후에는 얼마나 오랫동안 근무해야 하며, 어떤 경우에 지급이 제한되나요?","[{'$search': {'index': 'text', 'compound': {'should': [{'text': {'query': ['조기 재취업 수당', '재취업 조건', '근무 기간', '지급 제한'], 'path': ['title', 'contents'], 'fuzzy': {'maxEdits': 1, 'prefixLength': 2}}}, {'phrase': {'query': '조기 재취업', 'path': 'title', 'slop': 2}}], 'minimumShouldMatch': 1}, 'highlight': {'path': ['title', 'contents']}}}, {'$project': {'_id': 1, 'title': 1, 'contents': 1, 'url': 1, 'score': {'$meta': 'searchScore'}, 'highlights': {'$meta': 'searchHighlights'}}}, {'$limit': 20}]","실업급여를 받으면서 조기 재취업 수당을 받을 수 있는 조건은 다음과 같습니다:

1. **재취업 기간**: 실업급여를 받는 동안 14일 이상의 기간이 지나야 재취업이 가능합니다. 즉, 실업신고일로부터 14일이 지나고 재취업한 경우에만 조기 재취업 수당을 신청할 수 있습니다.

2. **근무 요건**: 재취업 후 최소 12개월 이상 근무해야 조기 재취업 수당을 받을 수 있습니다. 또는, 고용이 지속되지 않아도 부득이한 사유(예: 질병 등)가 있는 경우에는 예외가 있을 수 있습니다.

3. **지급 제외 사유**: 아래의 경우에는 조기 재취업 수당이 지급되지 않습니다.
   - 이직한 사업주에게 재고용된 경우
   - 실업의 신고일 이전에 채용에 대한 약속을 받은 경우
   - 재취업한 날의 전날을 기준으로 소정급여일수가 1/2 미만인 경우
   - 기타 법령에서 정하는 사유에 해당하는 경우 (외국인 근로자 관련한 조건 등)

따라서, 실업급여 수급 중에 재취업을 고려하고 계시다면 위 조건을 잘 확인하시고, 이를 충족하는지 확인하신 후 신고 절차를 신중히 진행하시는 것이 좋습니다. 필요한 경우 관할 고용센터에 문의하여 구체적인 정보를 받는 것도 도움이 됩니다.","['689b3a86ffd306c1cd3c0975', '689b3a86ffd306c1cd3c098c', '689b3a86ffd306c1cd3c097e', '689b3a86ffd306c1cd3c0865', '689b3a86ffd306c1cd3c0942', '689b3a86ffd306c1cd3c074a', '689b3a86ffd306c1cd3c06f2', '689b3a86ffd306c1cd3c09a8', '689b3a86ffd306c1cd3c0875', '689b3a86ffd306c1cd3c096f', '689b3a86ffd306c1cd3c078e', '689b3a86ffd306c1cd3c09a9', '689b3a86ffd306c1cd3c09ab', '689b3a86ffd306c1cd3c0946', '689b3a86ffd306c1cd3c093e', '689b3a86ffd306c1cd3c09ae', '689b3a86ffd306c1cd3c0747', '689b3a86ffd306c1cd3c082b', '689b3a86ffd306c1cd3c0840', '689b3a86ffd306c1cd3c09ac']",0,0.0
"E9 비자를 가진 비전문취업 외국인근로자가 근무 중인 사업장이 휴업이나 임금체불 같은 사정으로 더 이상 근로를 지속하기 어려운 경우, 사업장 변경은 몇 번까지 가능하고, 언제까지 신청해야 하나요?",持有E9签证的非专业就业外国劳动者，如果因工作单位停业或拖欠工资等原因而难以继续工作，那么工作单位的变更最多可以进行几次？需要在什么时候之前提出申请呢？,중국어,"['689b3a86ffd306c1cd3c06f2', '689b3a86ffd306c1cd3c072a', '689b3a86ffd306c1cd3c092b', '689b3a86ffd306c1cd3c092c']",사업장변경, https://www.workinkorea.org/,홍석주,,,"E9 비자 소지 비전문 외국인 노동자가 근무하는 사업장이 휴업하거나 임금 체불 등의 이유로 계속 근무하기 어려운 경우, 근무지 변경은 최대 몇 번 가능하며, 언제까지 신청해야 하나요?","[{'$search': {'index': 'text', 'compound': {'should': [{'text': {'query': ['E9 비자', '근무지 변경', '비전문 외국인 노동자', '임금 체불'], 'path': ['title', 'contents'], 'fuzzy': {'maxEdits': 1, 'prefixLength': 2}}}, {'phrase': {'query': '근무지 변경', 'path': 'title', 'slop': 2}}], 'minimumShouldMatch': 1}, 'highlight': {'path': ['title', 'contents']}}}, {'$project': {'_id': 1, 'title': 1, 'contents': 1, 'url': 1, 'score': {'$meta': 'searchScore'}, 'highlights': {'$meta': 'searchHighlights'}}}, {'$limit': 20}]","E-9 비자 소지 비전문 외국인 노동자가 근무하는 사업장이 휴업하거나 임금 체불 등의 이유로 계속 근무하기 어려운 경우에는 사업장 변경을 최대 3회까지 신청할 수 있습니다. 이 경우에는 사용자의 책임이 아닌 사유로 인한 것이므로, 단순히 근무지 변경 횟수에 포함되지 않습니다.

근무지 변경을 신청하는 기한은 근로계약이 종료된 이후 1개월 이내에 사업장 소재지의 관할 고용센터에 사업장 변경 신청서를 제출하여야 합니다. 만약 이 기한 내에 신청하지 않거나, 신청 후 3개월 이내에 출입국관리법상 근무처 변경허가를 받지 못하면 귀하는 출국해야 합니다.

따라서 이 점을 고려하여, 신속하게 필요한 서류를 준비해 고용센터에 신청하시기 바랍니다. 필요한 서류는 근로계약서, 사업자등록증 등의 사본이 될 수 있으며, 자세한 내용은 고용센터에 문의하여 확인하는 것이 좋습니다.","['689b3a86ffd306c1cd3c092b', '689b3a86ffd306c1cd3c0928', '689b3a86ffd306c1cd3c06f2', '689b3a86ffd306c1cd3c092c', '689b3a86ffd306c1cd3c093e', '689b3a86ffd306c1cd3c096f', '689b3a86ffd306c1cd3c0912', '689b3a86ffd306c1cd3c092e', '689b3a86ffd306c1cd3c08f0', '689b3a86ffd306c1cd3c06da', '689b3a86ffd306c1cd3c0751', '689b3a86ffd306c1cd3c06db', '689b3a86ffd306c1cd3c0930', '689b3a86ffd306c1cd3c072a', '689b3a86ffd306c1cd3c09a5', '689b3a86ffd306c1cd3c067f', '689b3a86ffd306c1cd3c068a', '689b3a86ffd306c1cd3c07d9', '689b3a86ffd306c1cd3c0818', '689b3a86ffd306c1cd3c07fa']",1,1.0
"근로계약 종료 후 사업장 변경을 신청하려면, 언제까지 고용센터에 신청해야 하며, 신청 후 새로운 사업장을 구하지 못하면 어떻게 되나요?","Sau khi chấm dứt hợp đồng lao động, nếu muốn xin thay đổi nơi làm việc thì phải nộp đơn tại Trung tâm việc làm trước thời hạn nào? Và nếu sau khi nộp đơn mà không tìm được nơi làm việc mới thì sẽ như thế nào?",베트남어,"['689b3a86ffd306c1cd3c072a', '689b3a86ffd306c1cd3c092c']",사업장변경,"https://www.gov.kr/portal/foreigner/ko/, https://www.workinkorea.org/",홍석주,,,"근로계약이 종료된 후, 새로운 직장을 원할 경우 언제까지 고용 센터에 신청서를 제출해야 하나요? 그리고 신청서를 제출한 후 새로운 직장을 찾지 못하면 어떻게 되나요?","[{'$search': {'index': 'text', 'compound': {'should': [{'text': {'query': ['근로계약 종료', '고용 센터 신청', '직장 변경', '신청서 제출 기한'], 'path': ['title', 'contents'], 'fuzzy': {'maxEdits': 1, 'prefixLength': 2}}}, {'phrase': {'query': '직장 변경', 'path': 'title', 'slop': 2}}], 'minimumShouldMatch': 1}, 'highlight': {'path': ['title', 'contents']}}}, {'$project': {'_id': 1, 'title': 1, 'contents': 1, 'url': 1, 'score': {'$meta': 'searchScore'}, 'highlights': {'$meta': 'searchHighlights'}}}, {'$limit': 20}]","근로계약이 종료된 후 새로운 직장을 원할 경우, 사용자의 근로계약을 종료한 날로부터 1개월 이내에 사업장 소재지 관할 고용센터에 사업장 변경 신청서를 제출해야 합니다. 이 기간 내에 신청서를 제출하지 않거나, 사업장 변경신청 후 3개월 이내에 출입국 관리법 제21조에 따른 근무처 변경 허가를 받지 못한다면, 해당 외국인 노동자는 출국해야 합니다.

따라서 새로운 직장을 찾지 못하면, 1개월 이내에 신청서를 제출하고, 그 후 3개월 내에 새로운 근무처에 대한 승인을 받아야 합니다. 만약 이 모든 절차를 이행하지 못하면 불가피하게 출국해야 하니, 신속하게 새로운 직장을 찾아야 할 필요가 있습니다.","['689b3a86ffd306c1cd3c092c', '689b3a86ffd306c1cd3c0929', '689b3a86ffd306c1cd3c0926', '689b3a86ffd306c1cd3c08d6', '689b3a86ffd306c1cd3c088a', '689b3a86ffd306c1cd3c0780', '689b3a86ffd306c1cd3c0748', '689b3a86ffd306c1cd3c0975', '689b3a86ffd306c1cd3c07a5', '689b3a86ffd306c1cd3c085d', '689b3a86ffd306c1cd3c092e', '689b3a86ffd306c1cd3c0870', '689b3a86ffd306c1cd3c0775', '689b3a86ffd306c1cd3c09a1', '689b3a86ffd306c1cd3c0698', '689b3a86ffd306c1cd3c09a2', '689b3a86ffd306c1cd3c0985', '689b3a86ffd306c1cd3c082b', '689b3a86ffd306c1cd3c0991', '689b3a86ffd306c1cd3c06ab']",1,0.5
"E-9 비자를 가진 외국인근로자가 근무 조건이 근로계약서와 다르다고 주장할 경우, 사업장 변경 사유로 인정받을 수 있나요? 그리고 이 경우 어떤 절차를 거쳐야 하나요?",持有E-9签证的外国劳动者，如果主张工作条件与劳动合同不符，这种情况能被认可为变更工作单位的理由吗？如果可以，需要经过哪些程序呢？,중국어,"['689b3a86ffd306c1cd3c06f2', '689b3a86ffd306c1cd3c094e']",사업장변경,"https://www.easylaw.go.kr/CSP/UnScOnhunListRlt.laf?onhunqnaAstSeq=&curPage=1&outmax=10&sch=%EC%99%B8%EA%B5%AD%EC%9D%B8&fsort=%5C, https://www.workinkorea.org/",홍석주,,,"E-9 비자를 가진 외국인 노동자가 근무 조건이 노동 계약과 다르다고 주장할 경우, 이러한 상황이 근무지 변경 사유로 인정될 수 있나요? 만약 가능하다면, 어떤 절차를 거쳐야 하나요?","[{'$search': {'index': 'text', 'compound': {'should': [{'text': {'query': ['E-9 비자', '근무 조건', '노동 계약', '근무지 변경'], 'path': ['title', 'contents'], 'fuzzy': {'maxEdits': 1, 'prefixLength': 2}}}, {'phrase': {'query': '근무 조건 변경', 'path': 'title', 'slop': 2}}], 'minimumShouldMatch': 1}, 'highlight': {'path': ['title', 'contents']}}}, {'$project': {'_id': 1, 'title': 1, 'contents': 1, 'url': 1, 'score': {'$meta': 'searchScore'}, 'highlights': {'$meta': 'searchHighlights'}}}, {'$limit': 20}]","E-9 비자를 가진 외국인 노동자가 근무 조건이 노동 계약과 다르게 지급되거나 부당한 대우를 받는다고 주장할 경우, 이는 근무지 변경 사유로 인정될 수 있습니다. 한국 법에 따르면, 외국인 노동자는 계약서에서 명시된 조건과 다른 근로 조건을 경험했을 때, 사업장 변경을 요청할 수 있는 권리가 있습니다.

다음은 근무지 변경을 위한 절차입니다:

1. **사업주와의 협의**: 우선, 근무 조건에 대한 문제를 사업주와 논의하여 해결이 가능한지 확인해보세요. 사업주와의 원만한 합의를 시도하는 것이 중요합니다.

2. **증거 수집**: 근무 조건의 차이를 입증할 수 있는 증빙 자료(예: 근로계약서, 급여 명세서, 업무 지시 내용 등)를 준비하세요. 이는 고용센터에 변경 신청 시 중요한 자료입니다.

3. **고용센터에 신청**: 사업주와의 협의 후, 근무지 변경이 불가피할 경우, 사업장 소재지 관할 고용센터에 사업장 변경 신청서를 제출해야 합니다. 이때 다음 서류를 준비해야 합니다:
   - 근로계약서 사본
   - 고용허가서 사본
   - 변경 사유를 설명하는 서류 또는 진술서
   - 추가로 요청되는 서류(필요 시)

4. **신청 기한 준수**: 근로계약 해지 또는 계약 만료 후 1개월 이내에 신청을 해야 하며, 신청일로부터 3개월 이내에 필요한 승인 절차를 완료해야 합니다.

5. **관할 출입국관리사무소 신고**: 고용센터에서 허가를 받으면, 관할 출입국·외국인관서에 근무처 변경을 신고해야 합니다.

6. **소요비용**: 변경 허가 신청 수수료가 발생할 수 있으며, 현재 수수료는 약 99,000원이니 참고하시기 바랍니다.

위 절차를 따르면 E-9 비자를 가진 외국인 노동자가 합법적으로 근무지를 변경할 수 있습니다. 추가 질문이나 도움이 필요하시면 주저하지 말고 문의해주세요!","['689b3a86ffd306c1cd3c094e', '689b3a86ffd306c1cd3c0912', '689b3a86ffd306c1cd3c06f2', '689b3a86ffd306c1cd3c092c', '689b3a86ffd306c1cd3c092b', '689b3a86ffd306c1cd3c0802', '689b3a86ffd306c1cd3c0929', '689b3a86ffd306c1cd3c092e', '689b3a86ffd306c1cd3c0930', '689b3a86ffd306c1cd3c096f', '689b3a86ffd306c1cd3c093e', '689b3a86ffd306c1cd3c09a5', '689b3a86ffd306c1cd3c072a', '689b3a86ffd306c1cd3c0925', '689b3a86ffd306c1cd3c0810', '689b3a86ffd306c1cd3c07fa', '689b3a86ffd306c1cd3c0990', '689b3a86ffd306c1cd3c0751', '689b3a86ffd306c1cd3c08f0', '689b3a86ffd306c1cd3c0818']",1,1.0
"비자 만료 전에 연장을 신청하려고 할 때, 어떤 기관에 방문해야 하고 온라인으로도 신청할 수 있나요?","Viza muddati tugashidan oldin uzaytirishga ariza bermoqchi bo‘lsam, qaysi idoraga borishim kerak va onlayn tarzda ham ariza topshirish mumkinmi?",우즈베크어,['689b3a86ffd306c1cd3c06de'],체류자격,https://www.workinkorea.org/,홍석주,,,비자 만료 전에 연장을 신청하고 싶습니다. 어떤 기관에 가야 하며 온라인으로도 신청할 수 있나요?,"[{'$search': {'index': 'text', 'compound': {'should': [{'text': {'query': ['비자 연장', '비자 신청', '비자 만료', '온라인 신청'], 'path': ['title', 'contents'], 'fuzzy': {'maxEdits': 1, 'prefixLength': 2}}}, {'phrase': {'query': '비자 연장 신청', 'path': 'title', 'slop': 2}}], 'minimumShouldMatch': 1}, 'highlight': {'path': ['title', 'contents']}}}, {'$project': {'_id': 1, 'title': 1, 'contents': 1, 'url': 1, 'score': {'$meta': 'searchScore'}, 'highlights': {'$meta': 'searchHighlights'}}}, {'$limit': 20}]","비자 연장을 원하신다면, 신청은 본인이 직접 다음의 기관 중 한 곳에 가셔야 합니다:

1. 출입국·외국인청
2. 출입국·외국인사무소
3. 출입국·외국인청 출장소
4. 출입국·외국인사무소 출장소

온라인으로 신청하는 방법도 있습니다. 하이코리아 홈페이지를 통해 전자민원으로 비자 연장 신청을 할 수 있으며, 하이코리아의 민원 신청 메뉴에서 전자민원신청을 클릭하시면 됩니다. 하지만 일부 체류자격에 따라 온라인 신청이 제한될 수 있으므로, 정확한 정보는 하이코리아 사이트를 참고하시거나 외국인종합 안내센터(☎1345)에 문의하시는 것이 좋습니다.

신청 시에는 체류기간이 끝나기 전에 구비 서류를 다 챙겨서 제출하셔야 하며, 변동 사항에 대한 안내를 잘 확인하세요!","['689b3a86ffd306c1cd3c06de', '689b3a86ffd306c1cd3c06dc', '689b3a86ffd306c1cd3c06e0', '689b3a86ffd306c1cd3c08f8', '689b3a86ffd306c1cd3c0758', '689b3a86ffd306c1cd3c0878', '689b3a86ffd306c1cd3c0879', '689b3a86ffd306c1cd3c0870', '689b3a86ffd306c1cd3c08d6', '689b3a86ffd306c1cd3c07b1', '689b3a86ffd306c1cd3c087a', '689b3a86ffd306c1cd3c090b', '689b3a86ffd306c1cd3c06e4', '689b3a86ffd306c1cd3c06ef', '689b3a86ffd306c1cd3c08ee', '689b3a86ffd306c1cd3c06f0', '689b3a86ffd306c1cd3c0909', '689b3a86ffd306c1cd3c08d3', '689b3a86ffd306c1cd3c090a', '689b3a86ffd306c1cd3c090c']",1,1.0
세금이나 건강보험료를 체납한 경우에도 비자 연장이 가능한가요? 만약 미납 상태라면 어떤 제재가 따르나요?,"Kung may hindi nabayarang buwis o kontribusyon sa health insurance, posible pa rin ba ang pag-renew ng visa? At kung may utang pa, anong uri ng parusa ang ipapataw?",필리핀어 (타갈로그어),"['689b3a86ffd306c1cd3c0758', '689b3a86ffd306c1cd3c08f8']",체류자격,"https://www.immigration.go.kr/, https://www.moj.go.kr/",홍석주,,,세금이나 건강 보험 기여금이 미납된 경우 비자 갱신이 가능한가요? 만약 빚이 있다면 어떤 종류의 처벌이 부과되나요?,"[{'$search': {'index': 'text', 'compound': {'should': [{'text': {'query': ['비자 갱신', '세금 미납', '건강 보험', '처벌'], 'path': ['title', 'contents'], 'fuzzy': {'maxEdits': 1, 'prefixLength': 2}}}, {'phrase': {'query': '비자 갱신', 'path': 'title', 'slop': 2}}], 'minimumShouldMatch': 1}, 'highlight': {'path': ['title', 'contents']}}}, {'$project': {'_id': 1, 'title': 1, 'contents': 1, 'url': 1, 'score': {'$meta': 'searchScore'}, 'highlights': {'$meta': 'searchHighlights'}}}, {'$limit': 20}]","세금이나 건강 보험 기여금이 미납된 경우, 비자 갱신은 원칙적으로 제한됩니다. 한국에서는 체납 정보를 관리하는 제도가 있어, 비자 연장 신청 시 세금 및 건강보험료 체납 여부가 확인됩니다. 체납이 발견되면 비자 연장을 받을 수 없거나, 제한된 조건에서만 연장이 허가될 수 있습니다.

체납액을 납부하면 정상적으로 비자가 연장될 수 있지만, 미납 상태일 경우 비자 연장은 일반적으로 6개월 이하로 제한됩니다. 즉, 체납이 있는 경우에는 단기간 체류만 허용될 수 있습니다.

불이행에 대한 처벌로는
1. 비자 연장 불허,
2. 체류 자격의 제한,
3. 추후 비자 발급 시 불이익 등이 있을 수 있습니다.

따라서, 한국에서 체류하고 있다면 세금 및 건강보험료를 제때 납부하는 것이 중요합니다. 체납이 발생한 경우에는 가능한 한 빨리 납부하여 비자 연장에 불이익이 없도록 하는 것이 좋습니다. 필요한 경우, 관련 기관에 문의하여 상세정보를 확인하시기 바랍니다.","['689b3a86ffd306c1cd3c08f8', '689b3a86ffd306c1cd3c0758', '689b3a86ffd306c1cd3c08f0', '689b3a86ffd306c1cd3c0909', '689b3a86ffd306c1cd3c07f2', '689b3a86ffd306c1cd3c090b', '689b3a86ffd306c1cd3c0761', '689b3a86ffd306c1cd3c0693', '689b3a86ffd306c1cd3c06ec', '689b3a86ffd306c1cd3c090a', '689b3a86ffd306c1cd3c08c9', '689b3a86ffd306c1cd3c06e2', '689b3a86ffd306c1cd3c085a', '689b3a86ffd306c1cd3c06af', '689b3a86ffd306c1cd3c06bc', '689b3a86ffd306c1cd3c099b', '689b3a86ffd306c1cd3c06c6', '689b3a86ffd306c1cd3c097f', '689b3a86ffd306c1cd3c093c', '689b3a86ffd306c1cd3c0748']",1,1.0
"근무하다가 작업 중 다쳐서 병원 치료를 받게 된 경우, 고용주가 산재보험에 가입하지 않았다면 재해보상을 받을 수 있나요? 그리고 어디에 문의해야 하나요?","Ish jarayonida jarohat olib, shifoxonada davolanishga to‘g‘ri kelgan taqdirda, agar ish beruvchi ishlab chiqarishdagi baxtsiz hodisalar sug‘urtasiga qo‘shilmagan bo‘lsa, men jarohat uchun tovon olishim mumkinmi? Shuningdek, bu borada qayerga murojaat qilishim kerak?",우즈베크어,"['689b3a86ffd306c1cd3c099b', '689b3a86ffd306c1cd3c09a7']",산재,"https://kin.naver.com/userinfo/answerList.naver?, https://easylaw.go.kr/CSP/CnpClsMain.laf?popMenu=ov&csmSeq=570&ccfNo=1&cciNo=1&cnpClsNo=1&search_put=isSearch=true&isWorry=false&u=LozJsi3cGuRd5Y5PklLl8GwBQI1V%2BpaEnpueNikIQss%3D&section=qna&sd=answer&query=%EC%99%B8%EA%B5%AD%EC%9D%B8&x=0&y=0",홍석주,,,"이 과정에서 부상을 입고 병원에서 치료를 받아야 하는 경우, 만약 고용주가 산업재해 보험에 가입하지 않았다면, 저는 부상에 대한 보상을 받을 수 있을까요? 또한, 이와 관련하여 어디에 문의해야 하나요?","[{'$search': {'index': 'text', 'compound': {'should': [{'text': {'query': ['산업재해 보상', '부상 보상', '고용주 보험', '사고 보상'], 'path': ['title', 'contents'], 'fuzzy': {'maxEdits': 1, 'prefixLength': 2}}}, {'phrase': {'query': '부상 보상', 'path': 'title', 'slop': 2}}], 'minimumShouldMatch': 1}, 'highlight': {'path': ['title', 'contents']}}}, {'$project': {'_id': 1, 'title': 1, 'contents': 1, 'url': 1, 'score': {'$meta': 'searchScore'}, 'highlights': {'$meta': 'searchHighlights'}}}, {'$limit': 20}]","산업재해보험에 가입하지 않은 경우라도, 한국에서는 근로자의 업무상 재해를 보호하기 위한 여러 법적 장치가 마련되어 있습니다. 그러나 보험이 가입되어 있지 않다면 보상받기 위해서는 고용주에게 민사상 손해배상 청구를 해야 할 수 있습니다. 이를 위해 다음의 절차를 따르는 것이 좋습니다:

1. **산업재해 발생 보고**: 가능한 한 빨리 고용주에게 사고를 보고하고, 사고의 경위를 문서로 남기는 것이 중요합니다. 이는 향후 법적 증거로 사용할 수 있습니다.

2. **의료 기록 확보**: 병원에서 치료를 받았다면 치료 기록, 진단서 등을 확보하세요. 이는 부상의 정도와 치료의 필요성을 보여주는 중요한 자료입니다.

3. **합의 시도**: 고용주와의 직접적인 대화를 통해 보상을 요청할 수 있지만, 만약 협의가 어렵다면 법적 절차를 고려해야 합니다.

4. **법률 상담 요청**: 실질적인 법적 조치를 취하기 전에 변호사나 노동 관련 상담 기관에 문의하는 것이 좋습니다. 예를 들어, 근로복지공단이나 법률구조공단(한국법률구조공단)에 연락하여 도움을 받을 수 있습니다.

5. **신청 기간 확인**: 민사상 손해배상 청구는 일정 기간 내에 이루어져야 하므로, 빠른 시일 내에 필요한 조치를 취하는 것이 중요합니다.

국내에서 사업주가 산업재해보험에 가입하지 않았다면, 법적으로 보상받는 것이 더 복잡해질 수 있으므로 전문적인 도움을 받는 것이 좋습니다.","['689b3a86ffd306c1cd3c09c6', '689b3a86ffd306c1cd3c09a9', '689b3a86ffd306c1cd3c09c2', '689b3a86ffd306c1cd3c09c3', '689b3a86ffd306c1cd3c06fe', '689b3a86ffd306c1cd3c09c5', '689b3a86ffd306c1cd3c09a8', '689b3a86ffd306c1cd3c09a6', '689b3a86ffd306c1cd3c09ab', '689b3a86ffd306c1cd3c09b6', '689b3a86ffd306c1cd3c09b3', '689b3a86ffd306c1cd3c09b7', '689b3a86ffd306c1cd3c09c8', '689b3a86ffd306c1cd3c09b2', '689b3a86ffd306c1cd3c09a7', '689b3a86ffd306c1cd3c06f1', '689b3a86ffd306c1cd3c09ac', '689b3a86ffd306c1cd3c09af', '689b3a86ffd306c1cd3c09ad', '689b3a86ffd306c1cd3c09aa']",1,0.5
"업무 중 감염병에 걸렸을 때, 이를 업무상 질병으로 인정받으려면 어떤 기준이 적용되나요?","Kapag nahawa ng nakakahawang sakit habang nagtatrabaho, anong pamantayan ang ginagamit para ito ay kilalanin bilang sakit na dulot ng trabaho?",필리핀어 (타갈로그어),"['689b3a86ffd306c1cd3c09b7', '689b3a86ffd306c1cd3c09bc']",산재,"https://easylaw.go.kr/CSP/CnpClsMain.laf?popMenu=ov&csmSeq=570&ccfNo=1&cciNo=1&cnpClsNo=1&search_put=, https://easylaw.go.kr/CSP/CnpClsMain.laf?popMenu=ov&csmSeq=570&ccfNo=1&cciNo=1&cnpClsNo=1&search_put=",홍석주,,,"근무 중 전염병에 감염되었을 때, 이를 직업병으로 인정하기 위해 어떤 기준이 사용되나요?","[{'$search': {'index': 'text', 'compound': {'should': [{'text': {'query': ['직업병', '감염병', '근무 중 감염', '전염병'], 'path': ['title', 'contents'], 'fuzzy': {'maxEdits': 1, 'prefixLength': 2}}}, {'phrase': {'query': '직업병 기준', 'path': 'title', 'slop': 2}}], 'minimumShouldMatch': 1}, 'highlight': {'path': ['title', 'contents']}}}, {'$project': {'_id': 1, 'title': 1, 'contents': 1, 'url': 1, 'score': {'$meta': 'searchScore'}, 'highlights': {'$meta': 'searchHighlights'}}}, {'$limit': 20}]","근무 중 전염병에 감염된 경우, 이를 직업병으로 인정받기 위해서는 특정 기준을 충족해야 합니다. 전염병이 직업병으로 인정되기 위해서는 다음의 요건을 고려해야 합니다:

1. **업무환경**: 근로자가 해당 전염병에 감염될 수 있는 업무환경에서 근무했음을 입증해야 합니다. 예를 들어, 보건의료 또는 집단시설에서 일하는 경우, 감염병에 노출될 가능성이 높다고 볼 수 있습니다.

2. **직업적 노출**: 전염병 감염이 업무수행 과정에서 발생하였음을 확인해야 합니다. 즉, 업무를 통해 특정 전염병(예: B형 간염, C형 간염, 결핵 등)이 발생한 경우에 해당됩니다.

3. **의학적 소견**: 전염병 감염이 근로자의 건강에 미친 영향에 대해 의사의 진단이나 소견이 필요합니다. 이는 감염병의 발병이 업무와 인과관계가 있음을 입증하는 데 도움이 됩니다.

직업병으로 인정받기 위해서는 이러한 기준을 충족해야 하므로, 감염 초기부터 빠른 진단 및 치료를 받고, 관련 서류를 잘 정리해 두는 것이 중요합니다. 만약 직업병으로 인정받을 경우, 해당 질병에 대한 보상을 받을 수 있는 권리가 있습니다.

추가로, 감염병이 발생한 직업환경에 대해 자세히 알아보거나 필요 시 노동 지청에 상담을 받는 것도 좋습니다.","['689b3a86ffd306c1cd3c09b7', '689b3a86ffd306c1cd3c09bf', '689b3a86ffd306c1cd3c09be', '689b3a86ffd306c1cd3c09bc', '689b3a86ffd306c1cd3c09bd', '689b3a86ffd306c1cd3c09bb', '689b3a86ffd306c1cd3c09ba', '689b3a86ffd306c1cd3c0929', '689b3a86ffd306c1cd3c08b6', '689b3a86ffd306c1cd3c070e', '689b3a86ffd306c1cd3c08fb', '689b3a86ffd306c1cd3c07c5', '689b3a86ffd306c1cd3c0720', '689b3a86ffd306c1cd3c0728', '689b3a86ffd306c1cd3c0810', '689b3a86ffd306c1cd3c0955', '689b3a86ffd306c1cd3c0954', '689b3a86ffd306c1cd3c0973', '689b3a86ffd306c1cd3c096c', '689b3a86ffd306c1cd3c099f']",1,1.0
"출국만기보험금을 신청하려면 어떤 자격 요건을 충족해야 하고, 신청 시기는 언제부터 가능한가요?",申请出国满期保险金需要符合哪些资格条件？从什么时候开始可以申请呢？,중국어,"['689b3a86ffd306c1cd3c0744', '689b3a86ffd306c1cd3c0831']",보험,"https://eps.hrdkorea.or.kr/, https://www.moel.go.kr/minwon/fastcounsel/fastcounselView.do?inetDcssMngId=202207041501442181000",홍석주,,,해외 출국 만기 보험금을 신청하려면 어떤 자격 조건을 충족해야 하나요? 언제부터 신청할 수 있나요?,"[{'$search': {'index': 'text', 'compound': {'should': [{'text': {'query': ['해외 출국 보험금', '보험금 신청 자격', '만기 보험금', '신청 시기'], 'path': ['title', 'contents'], 'fuzzy': {'maxEdits': 1, 'prefixLength': 2}}}, {'phrase': {'query': '보험금 신청', 'path': 'title', 'slop': 2}}], 'minimumShouldMatch': 1}, 'highlight': {'path': ['title', 'contents']}}}, {'$project': {'_id': 1, 'title': 1, 'contents': 1, 'url': 1, 'score': {'$meta': 'searchScore'}, 'highlights': {'$meta': 'searchHighlights'}}}, {'$limit': 20}]","해외 출국 만기 보험금을 신청하려면 다음과 같은 자격 조건을 충족해야 합니다:

1. **근무 기간**: 동일 사업장에서 1년 이상 근무한 외국인 근로자여야 합니다. 1년 미만 근무한 경우 출국 만기 보험금 신청이 불가능하고, 이 경우 보험금은 사업주에게 귀속됩니다.

2. **퇴사 사유**: 출국 사유가 체류 기간 만료, 자진 출국, 또는 강제 퇴거 등이 포함되어야 합니다.

보험금 신청은 근로관계 종료 후 출국 전 또는 출국 후 14일 이내에 가능하므로, 출국 전 보험금을 신청하는 것이 좋습니다. 출국 전에 신청하지 못한 경우에도 출국 후 신청할 수 있지만, 나중에 신청할 경우 반드시 관련 서류를 준비해야 하며, 온라인, 공단 현지 사무소, 송출국 정부, 송출 기관 등을 통해 신청이 가능합니다.

보다 구체적인 조건이나 신청 방법에 대한 자세한 내용은 귀하의 사업장 관할 노동청에 문의하여 확인하시는 것이 좋습니다.","['689b3a86ffd306c1cd3c09d5', '689b3a86ffd306c1cd3c09d0', '689b3a86ffd306c1cd3c0858', '689b3a86ffd306c1cd3c0938', '689b3a86ffd306c1cd3c0937', '689b3a86ffd306c1cd3c0775', '689b3a86ffd306c1cd3c09db', '689b3a86ffd306c1cd3c096f', '689b3a86ffd306c1cd3c0936', '689b3a86ffd306c1cd3c093a', '689b3a86ffd306c1cd3c093b', '689b3a86ffd306c1cd3c07bf', '689b3a86ffd306c1cd3c08ab', '689b3a86ffd306c1cd3c06ac', '689b3a86ffd306c1cd3c0935', '689b3a86ffd306c1cd3c0744', '689b3a86ffd306c1cd3c0809', '689b3a86ffd306c1cd3c08c9', '689b3a86ffd306c1cd3c08b4', '689b3a86ffd306c1cd3c089b']",1,0.5
"본국으로 돌아갈 때, 귀국비용보험은 언제부터 신청할 수 있으며, 어떤 서류를 준비해야 하나요?","When returning to my home country, from when can I apply for the return cost insurance, and what documents do I need to prepare?",영어,"['689b3a86ffd306c1cd3c0831', '689b3a86ffd306c1cd3c0744']",보험,"https://www.moel.go.kr/minwon/fastcounsel/fastcounselView.do?inetDcssMngId=202207041501442181000, https://eps.hrdkorea.or.kr/",홍석주,,,"내 고국으로 돌아갈 때, 언제부터 귀국 비용 보험을 신청할 수 있으며, 어떤 서류를 준비해야 하나요?","[{'$search': {'index': 'text', 'compound': {'should': [{'text': {'query': ['귀국 비용 보험', '보험 신청', '서류 준비', '귀국 절차'], 'path': ['title', 'contents'], 'fuzzy': {'maxEdits': 1, 'prefixLength': 2}}}, {'phrase': {'query': '귀국 비용 보험', 'path': 'title', 'slop': 2}}], 'minimumShouldMatch': 1}, 'highlight': {'path': ['title', 'contents']}}}, {'$project': {'_id': 1, 'title': 1, 'contents': 1, 'url': 1, 'score': {'$meta': 'searchScore'}, 'highlights': {'$meta': 'searchHighlights'}}}, {'$limit': 20}]","귀국 비용 보험을 신청할 수 있는 시점은 출국예정일 1개월 이전부터입니다. 만약 대체인력 신청에 해당되는 경우, 6개월 전부터 신청이 가능합니다.

신청 시 준비해야 할 서류는 다음과 같습니다:

1. 출국예정신고서
2. 항공권 사본
3. 외국인등록증
4. 여권 사본

위 서류를 준비한 후, 관할 고용센터에 방문하여 신청하실 수 있습니다. 신청 처리 기간은 당일 처리 가능하니, 미리 준비해 두시면 좋습니다. 귀국 시 원활한 진행을 위해 필요한 서류를 빠짐없이 챙겨주세요!","['689b3a86ffd306c1cd3c09d5', '689b3a86ffd306c1cd3c09d4', '689b3a86ffd306c1cd3c0831', '689b3a86ffd306c1cd3c0892', '689b3a86ffd306c1cd3c0744', '689b3a86ffd306c1cd3c06c5', '689b3a86ffd306c1cd3c0695', '689b3a86ffd306c1cd3c0694', '689b3a86ffd306c1cd3c0742', '689b3a86ffd306c1cd3c0941', '689b3a86ffd306c1cd3c073f', '689b3a86ffd306c1cd3c072e', '689b3a86ffd306c1cd3c09a9', '689b3a86ffd306c1cd3c0940', '689b3a86ffd306c1cd3c0735', '689b3a86ffd306c1cd3c089a', '689b3a86ffd306c1cd3c072f', '689b3a86ffd306c1cd3c0743', '689b3a86ffd306c1cd3c07d9', '689b3a86ffd306c1cd3c090b']",1,1.0
