query,translated_query,언어,ground_truth_id,category,source,작성자,비고,소스,translated_4o_mini,keyword_4o_mini,answer_keyword_hybrid,retrieved_doc_ids_keyword,correctness_keyword,recall_at_k_keyword
"제 여자친구가 단속으로 출입국 보호소에 있습니다. 월급이 아직 들어오지 않았는데, 태국으로 가버리면 밀린 월급은 어떻게 받죠..",แฟนของผมถูกจับกุมและอยู่ที่ศูนย์กักตัวตรวจคนเข้าเมือง ตอนนี้ยังไม่ได้รับเงินเดือนเลย ถ้าต้องกลับประเทศไทยแล้ว จะได้รับเงินเดือนที่ค้างอยู่ได้อย่างไรครับ..,태국어,"['689b3a86ffd306c1cd3c09a4', '689b3a86ffd306c1cd3c071e', '689b3a86ffd306c1cd3c074b', '689b3a86ffd306c1cd3c0789', '689b3a86ffd306c1cd3c07d3', '689b3a86ffd306c1cd3c0819', '689b3a86ffd306c1cd3c084e', '689b3a86ffd306c1cd3c0855', '689b3a86ffd306c1cd3c0874', '689b3a86ffd306c1cd3c087d', '689b3a86ffd306c1cd3c087f', '689b3a86ffd306c1cd3c0887', '689b3a86ffd306c1cd3c08dc', '689b3a86ffd306c1cd3c093b']",임금체불,경기도외국인지원센터_상담사례,황예원,,https://gmhr.or.kr/case/1529?sca=%EC%9E%84%EA%B8%88%EC%B2%B4%EB%B6%88&page=2,"제 여자친구가 체포되어 출입국 관리소에 구금되어 있습니다. 지금 월급을 받지 못했는데, 만약 태국으로 돌아가야 한다면 밀린 월급을 어떻게 받을 수 있을까요?","['체포', '출입국 관리소', '월급', '밀린 월급']","여자친구분이 출입국 관리소에 구금된 상황은 매우 어려운 일입니다. 밀린 월급을 받기 위한 몇 가지 실용적인 조치를 안내해 드리겠습니다.

1. **고용주와의 소통**: 현재 근무하고 있는 회사의 인사 담당자나 고용주와 연락을 시도하세요. 월급이 지급되지 않은 이유를 확인하고, 그녀의 상황을 설명하면서 밀린 월급을 받을 수 있도록 요청합니다.

2. **서면 요청**: 월급 지급을 공식적으로 요청하는 서면을 작성해 보세요. 본인의 상황과 여자친구의 상황을 상세히 설명하고, 언제까지 지급이 가능한지를 명확히 해달라고 요청합니다.

3. **노동청에 신고**: 만약 고용주와의 협의가 잘 진행되지 않으면, 지역 노동청에 공식적으로 신고할 수 있습니다. 노동청은 근로자 권리를 보호하기 위한 기관이므로 도움을 받을 수 있습니다.

4. **법률 상담**: 필요하다면 법률 상담을 받는 것도 좋은 방법입니다. 한국에는 외국인을 지원하는 다양한 법률 서비스가 있으니, 도움을 받을 수 있는 곳을 찾아보세요.

5. **체불임금 진정을 위한 준비**: 월급이 체불된 사실과 관련된 모든 문서 (근로계약서, 급여 명세서 등)를 보관하고, 변호사와 상담하여 체불임금 진정 절차에 대해 안내를 받을 수 있습니다.

태국으로 돌아가야 할 경우, 필요한 서류와 절차를 미리 준비해 두는 것이 중요합니다. 마음이 힘드시겠지만, 필요한 조치를 차분하게 준비해 나가시기 바랍니다. 상황이 잘 해결되기를 바랍니다.","['689b3a86ffd306c1cd3c08a9', '689b3a86ffd306c1cd3c0861', '689b3a86ffd306c1cd3c098b', '689b3a86ffd306c1cd3c0777', '689b3a86ffd306c1cd3c07e1', '689b3a86ffd306c1cd3c0688', '689b3a86ffd306c1cd3c0874', '689b3a86ffd306c1cd3c0789', '689b3a86ffd306c1cd3c07d3', '689b3a86ffd306c1cd3c0787', '689b3a86ffd306c1cd3c077a', '689b3a86ffd306c1cd3c08b7', '689b3a86ffd306c1cd3c075a', '689b3a86ffd306c1cd3c0901', '689b3a86ffd306c1cd3c0898', '689b3a86ffd306c1cd3c07c9', '689b3a86ffd306c1cd3c07a3', '689b3a86ffd306c1cd3c094d', '689b3a86ffd306c1cd3c094b', '689b3a86ffd306c1cd3c078b']",1,0.21428571428571427
"안녕하세요, 건설 현장에서 일하고 있는 사람인데, 사장님이 월급을 안줘서 계좌가 압류될 것 같습니다. 이런 경우 어떻게 해야 하나요?",你好，我是在建筑工地工作的，但老板没有发工资，我的账户可能会被查封。遇到这种情况该怎么办呢？,중국어,"['689b3a86ffd306c1cd3c06e8', '689b3a86ffd306c1cd3c0744', '689b3a86ffd306c1cd3c09a4', '689b3a86ffd306c1cd3c071e', '689b3a86ffd306c1cd3c074b', '689b3a86ffd306c1cd3c0789', '689b3a86ffd306c1cd3c07d3', '689b3a86ffd306c1cd3c0819', '689b3a86ffd306c1cd3c084e', '689b3a86ffd306c1cd3c0855', '689b3a86ffd306c1cd3c0874', '689b3a86ffd306c1cd3c087d', '689b3a86ffd306c1cd3c087f', '689b3a86ffd306c1cd3c0887', '689b3a86ffd306c1cd3c08dc', '689b3a86ffd306c1cd3c093b']",임금체불,경기도외국인지원센터_상담사례,황예원,"임금체불 및 ""압류방지 통장"" (=임금채권 전용통장) 관련 데이터 필요",https://gmhr.or.kr/case/1493?sca=%EC%9E%84%EA%B8%88%EC%B2%B4%EB%B6%88&page=2,"안녕하세요, 저는 건설 현장에서 일하고 있는데, 사장이 급여를 지급하지 않았습니다. 제 계좌가 압류될 가능성이 있습니다. 이런 상황에서는 어떻게 해야 하나요?","['건설업', '임금체불', '계좌 압류']","안녕하세요! 급여가 지급되지 않아 걱정이 많으시겠어요. 이와 같은 상황에 대해 몇 가지 실용적인 해결 방안을 제시해드릴게요.

1. **사장과의 대화**: 가장 먼저, 사장님과 직접적으로 대화를 시도해 보세요. 급여 지급이 지연된 이유를 물어보고, 언제 지급할 수 있을지를 확인해 보세요. 대화를 나누는 과정에서 명확하게 급여 지급 날짜를 정하시도록 하세요.

2. **근로계약서 확인**: 근로계약서를 확인하여 급여 지급일 및 조건이 어떻게 명시되어 있는지 확인하세요. 계약서에 명시된 내용에 따라 사장이 의무를 이행하지 않을 경우 법적 대응이 가능합니다.

3. **노동부에 신고**: 사장과의 대화로 해결이 안 된다면, 한국의 고용노동부에 신고할 수 있습니다. 급여 미지급에 대한 불만을 제기하면, 노동부에서 조사 및 조치를 취할 수 있습니다.

4. **법률 상담 받기**: 만약 상황이 심각해지거나 해결되지 않을 경우, 노동 전문 변호사에게 상담을 받는 것도 고려해보세요. 법률적인 조언을 통해 더 나은 대처 방법을 찾을 수 있을 것입니다.

5. **계좌 압류 방지**: 계좌가 압류될 수 있는 우려가 있다면, 아직 급여 지급이 이루어지지 않았다면, 가능한 빨리 노동부에 신고하여 자신의 권리를 보호하세요. 또한, 급여 미지급으로 인해 생길 수 있는 법적 문제를 변호사와 논의하는 것도 좋습니다.

이러한 방법으로 문제를 해결할 수 있기를 바랍니다. 추가적인 도움이 필요하시면 언제든지 질문해 주세요!","['689b3a86ffd306c1cd3c0839', '689b3a86ffd306c1cd3c0789', '689b3a86ffd306c1cd3c071e', '689b3a86ffd306c1cd3c0819', '689b3a86ffd306c1cd3c0787', '689b3a86ffd306c1cd3c0874', '689b3a86ffd306c1cd3c0688', '689b3a86ffd306c1cd3c07b9', '689b3a86ffd306c1cd3c08b7', '689b3a86ffd306c1cd3c098b', '689b3a86ffd306c1cd3c084e', '689b3a86ffd306c1cd3c08d7', '689b3a86ffd306c1cd3c0801', '689b3a86ffd306c1cd3c07ab', '689b3a86ffd306c1cd3c07cd', '689b3a86ffd306c1cd3c07e5', '689b3a86ffd306c1cd3c077a', '689b3a86ffd306c1cd3c0887', '689b3a86ffd306c1cd3c078b', '689b3a86ffd306c1cd3c0898']",1,0.375
"안녕하세요, 저는 필리핀에서 온 노동자입니다. 5년 동안 근무를 하고 이제 제 나라로 돌아가려 해요. 그런데 회사가 망해서 월급을 못받았습니다. 제 월급을 돌려받을 방법이 없나요?","Magandang araw, ako ay isang manggagawang mula sa Pilipinas. Nagtatrabaho ako nang 5 taon at ngayon ay babalik na sana ako sa aking bansa. Ngunit nalugi ang kompanya kaya hindi ko natanggap ang aking sahod. Wala po ba talagang paraan para mabawi ko ang aking sahod?",필리핀어 (타갈로그어),['689b3a86ffd306c1cd3c09a4'],임금체불,경기도외국인지원센터_상담사례,황예원,체당금 관련 데이터 필요,https://gmhr.or.kr/case/1667?sca=%EC%9E%84%EA%B8%88%EC%B2%B4%EB%B6%88,"안녕하세요, 저는 필리핀에서 온 노동자입니다. 5년 동안 일했는데 이제 고국으로 돌아가려고 합니다. 그런데 회사가 망해서 제 임금을 받지 못했습니다. 제 임금을 회수할 방법이 정말 없는 건가요?","['임금체불', '회수 방법']","안녕하세요! 외국에서 한국에서 일하시느라 많이 힘드셨겠어요. 회사가 망해서 임금을 받지 못하는 것은 정말 안타까운 상황입니다. 다행히도 상황에 따라 대처할 수 있는 방법이 있을 수 있습니다.

1. **채권 신고**: 회사가 파산했다면, 법원에 파산신청이 이루어질 것입니다. 이 경우, 귀하의 임금은 채권으로 인정받을 수 있습니다. 파산 관재인에게 문의하여 임금 채권을 신고하세요.

2. **근로기준법에 따른 청구**: 한국의 근로기준법에 따라, 임금은 근로계약에 명시된 대로 지급되어야 하며, 회사가 폐업하더라도 이전 근로자에게 미지급 임금을 지급할 의무가 있습니다. 고용노동부에 문의하여 도움을 요청할 수 있습니다.

3. **노무사나 법률 전문가 상담**: 법률적으로 복잡할 수 있기 때문에, 노무사나 변호사와 상담하는 것이 좋습니다. 전문가는 귀하의 상황을 분석하고, 적절한 조치를 취할 수 있도록 도와줄 것입니다.

4. **정보 수집**: 회사의 파산 절차와 관련된 문서나 공지사항을 찾아보세요. 이는 귀하의 청구 상태를 더욱 확실히 하는 데 도움이 될 수 있습니다.

임금 회수는 어려울 수 있지만, 위의 단계들을 시도해 보시기를 권장합니다. 추가 질문이나 도움이 필요하면 언제든지 말씀해 주세요!","['689b3a86ffd306c1cd3c08a9', '689b3a86ffd306c1cd3c06df', '689b3a86ffd306c1cd3c0789', '689b3a86ffd306c1cd3c07cd', '689b3a86ffd306c1cd3c07d6', '689b3a86ffd306c1cd3c0787', '689b3a86ffd306c1cd3c0937', '689b3a86ffd306c1cd3c077a', '689b3a86ffd306c1cd3c08b7', '689b3a86ffd306c1cd3c078b', '689b3a86ffd306c1cd3c0874', '689b3a86ffd306c1cd3c093b', '689b3a86ffd306c1cd3c08d1', '689b3a86ffd306c1cd3c07b9', '689b3a86ffd306c1cd3c0871', '689b3a86ffd306c1cd3c094b', '689b3a86ffd306c1cd3c07ab', '689b3a86ffd306c1cd3c087f', '689b3a86ffd306c1cd3c079e', '689b3a86ffd306c1cd3c0815']",0,0.0
"사업장 변경 신청 이후 제가 불법체류자가 될 수 있다는 우편이 날아왔어요. 8월 22일까지만 체류가 허가되어있고, 9월부터는 쫓겨날 수도 있대요. 어떡하죠?",在申请变更工作单位之后，我收到了一封信，说我可能会变成非法滞留者。只被允许停留到8月22日，从9月开始可能会被驱逐。我该怎么办呢？,중국어,"['689b3a86ffd306c1cd3c0680', '689b3a86ffd306c1cd3c0683', '689b3a86ffd306c1cd3c06d2', '689b3a86ffd306c1cd3c072a', '689b3a86ffd306c1cd3c072b', '689b3a86ffd306c1cd3c074a', '689b3a86ffd306c1cd3c07b1', '689b3a86ffd306c1cd3c0831', '689b3a86ffd306c1cd3c0840', '689b3a86ffd306c1cd3c08d6', '689b3a86ffd306c1cd3c093f', '689b3a86ffd306c1cd3c072a','689b3a86ffd306c1cd3c081f', '689b3a86ffd306c1cd3c082b', '689b3a86ffd306c1cd3c0837', '689b3a86ffd306c1cd3c088c', '689b3a86ffd306c1cd3c092f', '689b3a86ffd306c1cd3c0930', '689b3a86ffd306c1cd3c092c', '689b3a86ffd306c1cd3c0831']",체류자격,경기도외국인지원센터_상담사례,황예원,,https://gmhr.or.kr/case/1679?sca=%EC%B2%B4%EB%A5%98%EC%9E%90%EA%B2%A9,"사업장 변경을 신청한 후, 제가 불법 체류자가 될 수 있다는 내용의 편지를 받았습니다. 8월 22일까지 체류가 허용되며, 9월부터는 추방될 수 있다고 합니다. 저는 어떻게 해야 하나요?","['사업장 변경', '불법 체류', '추방', '체류 허용 기간']","만약 사업장 변경 신청 후 불법 체류자가 될 수 있다는 편지를 받았다면, 몇 가지 중요한 조치를 취할 수 있습니다.

1. **신속한 대처**: 해당 편지에 적시된 날짜가 중요한 기한이므로, 즉시 대응하는 것이 필요합니다. 8월 22일 이전에 체류 연장 신청을 하는 것이 좋습니다.

2. **체류 자격 확인**: 현재의 비자 상태와 변경하고자 하는 사업장에 대한 자격 요건을 확인하세요. 만약 사업장 변경이 승인되지 않는다면, 이전 사업장에서의 체류 자격으로 다시 복귀할 수 있는지 점검해야 합니다.

3. **출입국관리사무소 방문**: 해당 문제를 해결하기 위해 가까운 출입국관리사무소를 직접 방문하여, 자신의 상황을 설명하고 조언을 받는 것이 좋습니다. 필요한 서류와 절차를 안내받을 수 있습니다.

4. **법률 상담 받기**: 필요하다면, 이민 법률 전문가와 상담하여 더 구체적이고 전문적인 도움을 받을 수 있습니다. 그들은 귀하의 상황에 맞는 해결책을 제시할 수 있습니다.

5. **추방 및 불법 체류 회피 방법**: 만약 체류 연장이나 사업장 변경이 어렵다면, 귀국이나 다른 합법적인 체류 방법을 고려해야 합니다. 이 때도 법률 전문가의 상담이 필요합니다.

이 모든 절차는 가능한 한 빨리 진행해야 하며, 서류 작업과 필요 절차를 정확하게 수행하는 것이 중요합니다.","['689b3a86ffd306c1cd3c0807', '689b3a86ffd306c1cd3c06e4', '689b3a86ffd306c1cd3c092c', '689b3a86ffd306c1cd3c096d', '689b3a86ffd306c1cd3c07ee', '689b3a86ffd306c1cd3c0695', '689b3a86ffd306c1cd3c0878', '689b3a86ffd306c1cd3c092e', '689b3a86ffd306c1cd3c07ef', '689b3a86ffd306c1cd3c086e', '689b3a86ffd306c1cd3c0879', '689b3a86ffd306c1cd3c06e0', '689b3a86ffd306c1cd3c092d', '689b3a86ffd306c1cd3c06de', '689b3a86ffd306c1cd3c06ad', '689b3a86ffd306c1cd3c0831', '689b3a86ffd306c1cd3c092b', '689b3a86ffd306c1cd3c07ff', '689b3a86ffd306c1cd3c094b', '689b3a86ffd306c1cd3c07e7']",1,0.1
"제가 중간에 퇴직을 하게 되었는데, 소득세가 체납되어 비자 연장이 안된대요. 그런데 안내 사항을 못알아듣겠어요.",我中途离职了，但是因为拖欠所得税，签证无法延期。可是我听不懂相关的通知内容。,중국어,"['689b3a86ffd306c1cd3c08f8', '689b3a86ffd306c1cd3c08f0', '689b3a86ffd306c1cd3c085a']",체류자격,경기도외국인지원센터_상담사례,황예원,,https://gmhr.or.kr/case/1703?sca=%EC%B2%B4%EB%A5%98%EC%9E%90%EA%B2%A9,"저는 중간에 퇴사했지만, 소득세 체납 때문에 비자를 연장할 수 없습니다. 그런데 관련된 통지 내용을 이해하지 못하겠습니다.","['퇴사', '소득세 체납', '비자 연장', '통지 내용']","퇴사 후 비자 연장에 문제가 생겼군요. 소득세 체납으로 인해 비자 연장이 어렵다는 것은 중요한 사항입니다. 이 경우, 몇 가지 행동을 통해 문제를 해결할 수 있습니다.

1. **세무서에 문의하기**: 세무서에 연락하여 체납된 세금의 세부사항을 확인하세요. 체납된 금액, 납부 기한, 그리고 세금에 대한 추가 정보가 필요합니다.

2. **체납 세금 납부**: 체납된 세금을 신속하게 납부하는 것이 중요합니다. 세금을 납부하면 체납 기록이 해소되고, 비자 연장 신청이 가능해질 것입니다.

3. **비자 연장 사유서 작성**: 비자 연장 신청 시, 체납 사유와 해결 노력을 설명하는 서류를 첨부하는 것이 좋습니다. 통지 내용을 이해하지 못했다는 점을 포함하면, 상황에 대한 이해를 돕는 데 도움이 될 수 있습니다.

4. **법률 상담 또는 지원**: 필요하다면, 외국인 근로자를 지원하는 기관이나 법률 상담 센터에서 도움을 받는 것도 좋습니다. 그들은 관련 법률과 절차에 대해 잘 알고 있으므로, 보다 구체적인 조언을 받을 수 있습니다.

이 외에도 궁금한 점이나 필요하신 정보가 있다면 언제든지 말씀해 주세요.","['689b3a86ffd306c1cd3c06af', '689b3a86ffd306c1cd3c06de', '689b3a86ffd306c1cd3c08f8', '689b3a86ffd306c1cd3c0982', '689b3a86ffd306c1cd3c0758', '689b3a86ffd306c1cd3c06e4', '689b3a86ffd306c1cd3c07c3', '689b3a86ffd306c1cd3c0854', '689b3a86ffd306c1cd3c07b9', '689b3a86ffd306c1cd3c08ba', '689b3a86ffd306c1cd3c07aa', '689b3a86ffd306c1cd3c08a2', '689b3a86ffd306c1cd3c0995', '689b3a86ffd306c1cd3c08a9', '689b3a86ffd306c1cd3c098d', '689b3a86ffd306c1cd3c096f', '689b3a86ffd306c1cd3c08e8', '689b3a86ffd306c1cd3c07a3', '689b3a86ffd306c1cd3c09a5', '689b3a86ffd306c1cd3c06c8']",1,0.3333333333333333
"회사에서 갑자기 나오지 말라고 해서, 체류 자격이 박탈될 것 같습니다. 저는 어떻게 해야 하나요?","Công ty đột ngột bảo tôi đừng đến nữa, nên có thể tôi sẽ bị tước tư cách lưu trú. Tôi phải làm thế nào?",베트남어,"['689b3a86ffd306c1cd3c06dc', '689b3a86ffd306c1cd3c06de', '689b3a86ffd306c1cd3c06ef', '689b3a86ffd306c1cd3c06f0', '689b3a86ffd306c1cd3c06f3', '689b3a86ffd306c1cd3c072b', '689b3a86ffd306c1cd3c0910', '689b3a86ffd306c1cd3c0912']",부당해고,경기도외국인지원센터_상담사례,황예원,,,"회사가 갑자기 더 이상 출근하지 말라고 해서, 체류 자격이 박탈될 수 있습니다. 어떻게 해야 하나요?","['체류 자격 박탈', '대처 방법']","회사가 갑자기 출근하지 말라고 통보한 경우, 특히 외국인 근로자라면 체류 자격에 대해 걱정할 수 있습니다. 다음은 이 상황에서 취할 수 있는 실용적인 조치들입니다:

1. **회사의 공식 통보 확인**: 우선 회사로부터 받은 통보 내용을 문서로 확인하세요. 이메일, 문자 메시지 또는 공식 문서 등 어떤 형태든 기록을 확보하는 것이 중요합니다.

2. **노동청 상담**: 한국의 노동청에 연락하여 현재 상황을 상담받으세요. 노동청은 근로자의 권리를 보호하는 기관이므로, 근로계약 조건 위반이나 해고 절차에 대해 안내받을 수 있습니다.

3. **체류 자격 체크**: 한국에서의 체류 자격은 출근 여부에 따라 달라질 수 있습니다. 체류 자격에 대한 정보는 출입국관리사무소 또는 외교부 웹사이트에서 확인할 수 있습니다.

4. **다른 직장 찾아보기**: 만약 출근이 더 이상 이루어지지 않는다면, 새로운 일자리를 찾는 것도 한 방법입니다. 체류 자격이 유지될 수 있도록 새로운 취업을 위해 노력하세요.

5. **법적 조치 고려**: 만약 부당한 이유로 해고되었다고 생각한다면, 관련 법률 상담을 받아 법적 조치를 고려하는 것도 가능합니다.

이런 단계를 통해 본인의 권리를 보호하고, 체류 자격도 지킬 수 있도록 하세요. 추가적인 질문이 있으면 언제든지 문의해주세요!","['689b3a86ffd306c1cd3c08ca', '689b3a86ffd306c1cd3c0972', '689b3a86ffd306c1cd3c094b', '689b3a86ffd306c1cd3c07ab', '689b3a86ffd306c1cd3c0854', '689b3a86ffd306c1cd3c0831', '689b3a86ffd306c1cd3c07e7', '689b3a86ffd306c1cd3c0856', '689b3a86ffd306c1cd3c075a', '689b3a86ffd306c1cd3c07d6', '689b3a86ffd306c1cd3c08c8', '689b3a86ffd306c1cd3c08a8', '689b3a86ffd306c1cd3c0807', '689b3a86ffd306c1cd3c077d', '689b3a86ffd306c1cd3c0882', '689b3a86ffd306c1cd3c08a0', '689b3a86ffd306c1cd3c06c8', '689b3a86ffd306c1cd3c06f1', '689b3a86ffd306c1cd3c094c', '689b3a86ffd306c1cd3c07da']",0,0.0
"건설업에 근무 중인 외국인입니다. 어떤 경우에 산업재해가 인정되는지, 또 경우에 따라 얼마만큼 보상을 받을 수 있는지 알고 싶어요.",ผม/ดิฉันเป็นแรงงานต่างชาติที่ทำงานอยู่ในอุตสาหกรรมก่อสร้าง อยากทราบว่าในกรณีใดบ้างที่ถือว่าเป็นอุบัติเหตุจากการทำงาน และในแต่ละกรณีสามารถได้รับค่าชดเชยเป็นจำนวนเท่าใด,태국어,"['689b3a86ffd306c1cd3c0800', '689b3a86ffd306c1cd3c09a9', '689b3a86ffd306c1cd3c09aa', '689b3a86ffd306c1cd3c09ab', '689b3a86ffd306c1cd3c09ad']",산재,"""산업재해"", ""법률"" 관련 문서",황예원,,,"저는 건설업에서 일하고 있는 외국인 노동자입니다. 어떤 경우가 산업재해로 간주되는지 알고 싶고, 각 경우에 따라 얼마의 보상을 받을 수 있는지도 궁금합니다.","['외국인 노동자', '건설업', '산업재해', '보상']","안녕하세요! 건설업에서 일하고 있는 외국인 노동자분이시군요. 산업재해는 근로자가 업무 중 발생한 사고나 질병으로 인한 피해를 의미합니다. 산업재해로 간주되는 경우는 다양합니다. 일반적으로 다음과 같은 상황이 포함됩니다:

1. **사고로 인한 부상**: 예를 들어, 작업 중 떨어지는 물체에 맞거나, 기계에 부딪혀 다치는 경우입니다.
2. **근무 중 질병**: 장기간 계속해서 특정 위험물에 노출되어 발생하는 질병, 예를 들어, 소음성 난청이나 화학물질에 의한 피부병 등이 있습니다.
3. **제대로된 안전장비 미비**: 안전장비를 착용하지 않아 발생한 사고도 재해로 인식됩니다.

각 경우에 따라 보상은 차이가 있습니다. 일반적으로 산업재해 보상보험에 따라 다음과 같은 형태의 보상을 받을 수 있습니다:

- **치료비**: 사고로 인한 치료비용 전액 지급.
- **휴업급여**: 사고로 인해 일을 하지 못하는 기간 동안 소득의 일정 비율을 지급받습니다.
- **장해 보상**: 사고로 장애가 남은 경우, 그 정도에 따라 보상을 지급받습니다.
- **유족 보상**: 산업재해로 사망한 경우 유족에게 금전적인 보상 제공.

보상의 금액은 각 상황에 따라 다르고, 근로자의 평균 소득이나 사고의 심각성에 따라 차등 결정됩니다. 정확한 보상 금액을 알기 위해서는 관련 기관에 문의하거나 전문가와 상담하는 것이 좋습니다.

혹시 추가로 궁금한 사항이 있으신가요?","['689b3a86ffd306c1cd3c06fe', '689b3a86ffd306c1cd3c09c3', '689b3a86ffd306c1cd3c0764', '689b3a86ffd306c1cd3c09c4', '689b3a86ffd306c1cd3c09c6', '689b3a86ffd306c1cd3c0939', '689b3a86ffd306c1cd3c09c8', '689b3a86ffd306c1cd3c09c9', '689b3a86ffd306c1cd3c093d', '689b3a86ffd306c1cd3c06f1', '689b3a86ffd306c1cd3c09b4', '689b3a86ffd306c1cd3c06ae', '689b3a86ffd306c1cd3c09c1', '689b3a86ffd306c1cd3c09bf', '689b3a86ffd306c1cd3c09ad', '689b3a86ffd306c1cd3c09a6', '689b3a86ffd306c1cd3c080a', '689b3a86ffd306c1cd3c09a8', '689b3a86ffd306c1cd3c09b3', '689b3a86ffd306c1cd3c093b']",1,0.2
"안녕하세요, 저는 베트남에 거주중인 재외동포입니다. 이번에 특례고용허가제를 통해 한국에서 취업을 하고 싶은데, 절차에 대해서 상세하게 알려주세요.","Xin chào, tôi là kiều bào đang sinh sống tại Việt Nam. Lần này, tôi muốn xin việc tại Hàn Quốc thông qua Chế độ cấp phép lao động đặc biệt. Xin vui lòng cho tôi biết chi tiết về thủ tục.",베트남어,"['689b3a86ffd306c1cd3c072b', '689b3a86ffd306c1cd3c074d', '689b3a86ffd306c1cd3c075e', '689b3a86ffd306c1cd3c077e', '689b3a86ffd306c1cd3c0795', '689b3a86ffd306c1cd3c07c1', '689b3a86ffd306c1cd3c07d0', '689b3a86ffd306c1cd3c07d9', '689b3a86ffd306c1cd3c07e2', '689b3a86ffd306c1cd3c07fa', '689b3a86ffd306c1cd3c0812', '689b3a86ffd306c1cd3c081b', '689b3a86ffd306c1cd3c082a', '689b3a86ffd306c1cd3c082b', '689b3a86ffd306c1cd3c0990']",체류자격,"""특례고용허가제"" 관련 자료",황예원,,,"안녕하세요, 저는 베트남에 거주 중인 재외동포입니다. 이번에 특례고용허가제를 통해 한국에서 취업을 하고 싶은데, 절차에 대해서 상세하게 알려주세요.","['재외동포', '특례고용허가제', '절차']","안녕하세요! 한국에서 특례고용허가제를 통해 취업하고 싶으시군요. 자세한 절차는 다음과 같습니다:

1. **업체 선정**: 먼저, 한국에서 근무할 업체를 찾아야 합니다. 이때, 고용주가 특례고용허가제에 따라 외국인 근로자를 고용할 수 있는지 확인해야 합니다.

2. **고용계약 체결**: 업체와 근로 계약을 체결해야 합니다. 계약서에는 근무 조건, 임금, 근무 시간 등이 명시되어 있어야 합니다.

3. **고용허가 신청**: 고용주가 한국 고용노동부에 고용허가를 신청합니다. 이 과정에서 고용주가 필요한 서류를 준비해야 합니다.

4. **비자 신청**: 고용허가가 승인되면, 귀하께서는 한국 대사관이나 영사관에 가서 비자를 신청해야 합니다. 필요한 서류에는 고용허가서, 여권, 사진 등이 포함됩니다.

5. **입국 심사**: 비자가 발급되면 한국에 입국할 수 있습니다. 입국 시, 심사가 진행되며, 필요한 서류를 다시 확인받게 됩니다.

6. **근로 시작**: 모든 절차가 완료되면, 제공된 근로 계약에 따라 일을 시작하실 수 있습니다.

이 과정에서 불확실한 점이 있다면, 미리 한국 내의 외국인 관련 기관이나 상담소에 문의하시는 것이 좋습니다. 성공적으로 취업하시길 바랍니다! 추가로 궁금한 점이 있으면 말씀해 주세요.","['689b3a86ffd306c1cd3c06e7', '689b3a86ffd306c1cd3c06d9', '689b3a86ffd306c1cd3c06da', '689b3a86ffd306c1cd3c078d', '689b3a86ffd306c1cd3c091a', '689b3a86ffd306c1cd3c07de', '689b3a86ffd306c1cd3c06fc', '689b3a86ffd306c1cd3c0822', '689b3a86ffd306c1cd3c08dd', '689b3a86ffd306c1cd3c093f', '689b3a86ffd306c1cd3c0941', '689b3a86ffd306c1cd3c0943', '689b3a86ffd306c1cd3c074c', '689b3a86ffd306c1cd3c06b5', '689b3a86ffd306c1cd3c0883', '689b3a86ffd306c1cd3c093e', '689b3a86ffd306c1cd3c0784', '689b3a86ffd306c1cd3c072b', '689b3a86ffd306c1cd3c085d', '689b3a86ffd306c1cd3c07dc']",1,0.06666666666666667
"H-2 비자를 가지고 있는데, 지금 일하고 있는 사업주를 떠나 다른 사업장으로 옮길 수 있는지, 또 옮기려면 어떤 절차와 증빙자료가 필요한지 궁금해요.","I have an H-2 visa, and I’m wondering if I can leave my current employer and move to another workplace. If so, what procedures and supporting documents are required?",영어,"['689b3a86ffd306c1cd3c072', '689b3a86ffd306c1cd3c074b', '689b3a86ffd306c1cd3c074d', '689b3a86ffd306c1cd3c0831']",체류자격,"""H-2"", ""사업장변경"" 관련 자료",황예원,,,"저는 H-2 비자를 가지고 있는데, 현재 고용주를 떠나 다른 직장으로 옮길 수 있는지 궁금합니다. 가능하다면 어떤 절차와 지원 서류가 필요한가요?","['H-2 비자', '사업장 변경', '절차', '지원 서류']","H-2 비자를 가지고 계신 경우, 다른 직장으로 옮기는 것은 가능합니다. 하지만 몇 가지 주의사항과 절차가 필요합니다. 아래는 그 과정에 대한 설명입니다.

1. **고용주 변경 허가**: H-2 비자는 특정 고용주에 대해 발급되므로, 다른 고용주로 옮기려면 새로운 고용주의 후원으로 비자 변경 절차를 진행해야 합니다. 이를 위해 새로운 고용주는 당신을 위한 ‘신청’을 하고, 이 과정에서 고용주가 비자 변경에 필요한 모든 서류를 준비해야 합니다.

2. **서류 준비**: 새로운 고용주가 제출해야 하는 서류는 다음과 같습니다.
   - 고용계약서: 새로운 고용주의 고용계약서를 작성해 제출합니다.
   - 노동허가서(외국인근로자 고용신청서): 새로운 업체가 작성한 노동허가서가 필요합니다.
   - 비자 신청서: 새로운 고용주가 향후 귀하의 비자 변경을 위한 신청서를 작성해야 합니다.
   - 신원 확인 서류: 신원 또는 자격 확인을 위한 추가 서류도 필요할 수 있습니다.

3. **이전 고용주와의 정리**: 새로운 직장으로 옮기기 전에 현재의 고용주와 원활하게 계약 해지 절차를 밟는 것이 중요합니다. 계약 해지 시 원만한 합의가 이루어질 수 있도록 미리 상의하시기 바랍니다.

4. **비자 신청 후 대기**: 필요한 서류가 모두 준비되면 새로운 고용주가 비자 변경 신청을 하게 됩니다. 신청 후 승인되기까지 기다리는 과정이 필요하며, 이 동안 현재 고용주와의 계약이 종료되지 않도록 주의해야 합니다.

이러한 과정은 다소 복잡할 수 있으므로, 가능하다면 이민 전문 변호사와 상담하여 추가적인 도움을 받는 것을 추천드립니다. 추가 질문이 있으면 언제든지 물어보세요!","['689b3a86ffd306c1cd3c06fb', '689b3a86ffd306c1cd3c06d9', '689b3a86ffd306c1cd3c0923', '689b3a86ffd306c1cd3c076d', '689b3a86ffd306c1cd3c07b1', '689b3a86ffd306c1cd3c0807', '689b3a86ffd306c1cd3c07f6', '689b3a86ffd306c1cd3c078f', '689b3a86ffd306c1cd3c0928', '689b3a86ffd306c1cd3c06f2', '689b3a86ffd306c1cd3c092e', '689b3a86ffd306c1cd3c0837', '689b3a86ffd306c1cd3c0746', '689b3a86ffd306c1cd3c0854', '689b3a86ffd306c1cd3c08d0', '689b3a86ffd306c1cd3c07fa', '689b3a86ffd306c1cd3c092c', '689b3a86ffd306c1cd3c092b', '689b3a86ffd306c1cd3c07d4', '689b3a86ffd306c1cd3c07ff']",0,0.0
고용주가 지속적으로 임금체불을 하여 사업장 변경을 원합니다.,นายจ้างค้างค่าจ้างอย่างต่อเนื่อง ทำให้ผม/ดิฉันต้องการย้ายสถานที่ทำงาน,태국어,['689b3a86ffd306c1cd3c072'],고용허가,경기도외국인지원센터_상담사례,황예원,,https://gmis.or.kr/case/1692,고용주가 지속적으로 임금을 체불하여 저는 근무지를 옮기고 싶습니다.,"['임금체불', '근무지 변경']","임금 체불 문제는 매우 심각한 상황입니다. 고용주가 지속적으로 임금을 늦추거나 지불하지 않는다면, 이러한 상황에서 어떻게 대처할 수 있는지 몇 가지 단계로 안내해드리겠습니다.

1. **문서를 정리하라**: 임금 체불이 발생한 기록을 철저히 정리하세요. 임금 명세서, 근로계약서, 이메일, 문자 메시지 등 모든 관련 문서가 필요합니다. 이를 통해 고용주와의 대화 내용이나 임금 지급일 등을 증명할 수 있습니다.

2. **고용주에게 대화 시도**: 먼저 고용주와의 대화를 시도해보세요. 상황을 설명하고, 체불된 임금에 대해서 언제 지급될 수 있는지 물어보세요. 친절하게 대화하되, 자신의 권리를 주장해야 합니다.

3. **근로복지공단 신고**: 대화가 원활하지 않거나 고용주가 문제를 해결하지 않는 경우, 한국의 근로복지공단에 신고할 수 있습니다. 이 기관은 근로자의 권리를 보호하기 위한 기관으로, 즉시 체불된 임금을 찾아줄 수 있는 법적 지원을 제공합니다.

4. **변호사 상담**: 만약 상황이 심각하다고 판단되면, 전문 변호사에게 상담받는 것도 좋은 방법입니다. 변호사는 법적 조언과 함께, 필요시 법적 절차를 진행하는 데 도움을 줄 수 있습니다.

5. **근무지 변경**: 만약 현재의 직장에서 더 이상 일할 수 없는 상황이라면, 새로운 일자리를 찾는 것이 필요할 수 있습니다. 하지만, 경과 중에 비자 문제나 이전 고용주와의 계약 조건을 고려해야 하니, 이 점도 꼭 체크하세요.

임금 체불 문제는 방법으로 해결할 수 있는 부분입니다. 빠른 조치를 취해보시기 바랍니다. 추가로 궁금한 점이 있다면 언제든지 질문해 주세요!","['689b3a86ffd306c1cd3c087f', '689b3a86ffd306c1cd3c098c', '689b3a86ffd306c1cd3c098b', '689b3a86ffd306c1cd3c0839', '689b3a86ffd306c1cd3c0928', '689b3a86ffd306c1cd3c0807', '689b3a86ffd306c1cd3c0882', '689b3a86ffd306c1cd3c0981', '689b3a86ffd306c1cd3c07ab', '689b3a86ffd306c1cd3c077a', '689b3a86ffd306c1cd3c076d', '689b3a86ffd306c1cd3c073f', '689b3a86ffd306c1cd3c0999', '689b3a86ffd306c1cd3c07c3', '689b3a86ffd306c1cd3c075a', '689b3a86ffd306c1cd3c0787', '689b3a86ffd306c1cd3c0789', '689b3a86ffd306c1cd3c0924', '689b3a86ffd306c1cd3c08d7', '689b3a86ffd306c1cd3c07b9']",0,0.0
"실업급여를 받던 중 조기에 재취업을 하게 되면 ‘조기재취업수당’을 받을 수 있다고 들었습니다. 재취업 후 어느 정도 기간을 근무해야 하고, 어떤 경우에는 지급이 제한되나요?",失業給付を受けている途中で早期に再就職した場合、「早期再就職手当」を受け取れると聞きました。再就職後はどのくらいの期間勤務する必要があり、どのような場合に支給が制限されますか？,일본어,"['689b3a86ffd306c1cd3c092d', '689b3a86ffd306c1cd3c092c']",사업장변경,https://www.workinkorea.org/,홍석주,,,"실업급여를 받고 있는 중에 조기 재취업을 하면 '조기 재취업 수당'을 받을 수 있다고 들었습니다. 재취업 후에는 얼마나 오랫동안 근무해야 하며, 어떤 경우에 지급이 제한되나요?","['실업급여', '조기 재취업 수당', '근무 기간', '지급 제한']","조기 재취업 수당에 대한 질문에 답변드리겠습니다.

먼저, 조기 재취업 수당은 실업급여를 받고 있는 동안에 직장을 찾고 일자리를 갖게 되었을 때 지급되는 혜택입니다. 이를 통해 더 빨리 취업한 근로자가 경제적인 도움을 받을 수 있습니다.

1. **근무 기간**: 조기 재취업 수당을 받으려면 최소 6개월 동안 근무해야 합니다. 정규직이나 비정규직 모두 적용됩니다.

2. **지급 요건**: 조기 재취업 수당은 기존의 실업급여와 함께 지급되며, 다음과 같은 경우에 지급이 제한될 수 있습니다:
   - 새로운 직장에서 월급이 실업급여보다 낮을 경우
   - 자기 사정으로 중도 이직을 했을 경우
   - 근로계약이 불법적이거나 근로기준법을 위반하는 경우 등

3. **신청 방법**: 재취업 후에는 가까운 고용노동청에 조기 재취업 수당을 신청해야 합니다. 잊지 말고 모든 관련 서류를 준비해 가셔야 합니다.

더 궁금한 점이 있으시면 언제든지 질문해 주세요!","['689b3a86ffd306c1cd3c087f', '689b3a86ffd306c1cd3c08ac', '689b3a86ffd306c1cd3c098c', '689b3a86ffd306c1cd3c0942', '689b3a86ffd306c1cd3c0940', '689b3a86ffd306c1cd3c0856', '689b3a86ffd306c1cd3c097e', '689b3a86ffd306c1cd3c075a', '689b3a86ffd306c1cd3c09c4', '689b3a86ffd306c1cd3c0865', '689b3a86ffd306c1cd3c07a3', '689b3a86ffd306c1cd3c08e8', '689b3a86ffd306c1cd3c093e', '689b3a86ffd306c1cd3c093f', '689b3a86ffd306c1cd3c078e', '689b3a86ffd306c1cd3c0994', '689b3a86ffd306c1cd3c0993', '689b3a86ffd306c1cd3c0808', '689b3a86ffd306c1cd3c0927', '689b3a86ffd306c1cd3c0981']",0,0.0
"E9 비자를 가진 비전문취업 외국인근로자가 근무 중인 사업장이 휴업이나 임금체불 같은 사정으로 더 이상 근로를 지속하기 어려운 경우, 사업장 변경은 몇 번까지 가능하고, 언제까지 신청해야 하나요?",持有E9签证的非专业就业外国劳动者，如果因工作单位停业或拖欠工资等原因而难以继续工作，那么工作单位的变更最多可以进行几次？需要在什么时候之前提出申请呢？,중국어,"['689b3a86ffd306c1cd3c06f2', '689b3a86ffd306c1cd3c072a', '689b3a86ffd306c1cd3c092b', '689b3a86ffd306c1cd3c092c']",사업장변경, https://www.workinkorea.org/,홍석주,,,"E-9 비자를 가진 비전문 취업 외국인 노동자가 사업장이 폐업하거나 임금 체불 등의 이유로 계속 일하기 어려운 경우, 사업장 변경은 최대 몇 번 할 수 있나요? 언제까지 신청해야 하나요?","['E-9 비자', '사업장 변경', '임금 체불', '신청 기한']","E-9 비자를 가진 비전문 취업 외국인 노동자는 사업장이 폐업하거나 임금 체불 등의 사유로 일하기 어려운 경우 최대 2번 사업장을 변경할 수 있습니다. 사업장 변경 신청은 반드시 이직하기 전에 해야 하며, 현재 근무하는 사업장이 폐업하거나 더 이상 일을 계속할 수 없다는 것을 확인한 후 3개월 이내에 신청해야 합니다.

따라서, 현재 일하는 곳에서 문제가 발생하는 즉시 상황을 정리하고, 이직을 위한 준비를 하는 것이 중요합니다. 이직 신청을 원하면 반드시 필요한 서류를 준비하고 고용노동부에 문의해 진행할 절차를 확인하세요. 필요하면 법률 지원을 통해 도움을 받을 수도 있습니다.","['689b3a86ffd306c1cd3c06f2', '689b3a86ffd306c1cd3c0854', '689b3a86ffd306c1cd3c07fa', '689b3a86ffd306c1cd3c06da', '689b3a86ffd306c1cd3c08bf', '689b3a86ffd306c1cd3c096f', '689b3a86ffd306c1cd3c07c3', '689b3a86ffd306c1cd3c07ad', '689b3a86ffd306c1cd3c08c8', '689b3a86ffd306c1cd3c07ca', '689b3a86ffd306c1cd3c08aa', '689b3a86ffd306c1cd3c0775', '689b3a86ffd306c1cd3c08ca', '689b3a86ffd306c1cd3c067a', '689b3a86ffd306c1cd3c06db', '689b3a86ffd306c1cd3c07a0', '689b3a86ffd306c1cd3c092b', '689b3a86ffd306c1cd3c0841', '689b3a86ffd306c1cd3c088c', '689b3a86ffd306c1cd3c0803']",1,0.5
"근로계약 종료 후 사업장 변경을 신청하려면, 언제까지 고용센터에 신청해야 하며, 신청 후 새로운 사업장을 구하지 못하면 어떻게 되나요?","Sau khi chấm dứt hợp đồng lao động, nếu muốn xin thay đổi nơi làm việc thì phải nộp đơn tại Trung tâm việc làm trước thời hạn nào? Và nếu sau khi nộp đơn mà không tìm được nơi làm việc mới thì sẽ như thế nào?",베트남어,"['689b3a86ffd306c1cd3c072a', '689b3a86ffd306c1cd3c092c']",사업장변경,"https://www.gov.kr/portal/foreigner/ko/, https://www.workinkorea.org/",홍석주,,,"근로계약이 종료된 후, 만약 근무지를 변경하고 싶다면 언제까지 고용센터에 신청서를 제출해야 하나요? 그리고 신청서를 제출한 후 새로운 일자리를 찾지 못하면 어떻게 되나요?","['근로계약 종료', '근무지 변경', '고용센터', '신청서 제출', '일자리 미발견']","근로계약이 종료된 후에 근무지를 변경하고 싶으시다면, 고용센터에 신청서를 제출해야 합니다. 한국에서 외국인 근로자가 근무지를 변경하기 위해서는 근로계약 종료일로부터 3개월 이내에 신청서를 제출해야 합니다. 이 기한을 지키는 것이 매우 중요합니다.

신청서를 제출한 후 새로운 일자리를 찾지 못하면 고용센터와 상담을 통해 대체적인 해결 방안을 모색해야 합니다. 일반적으로, 새 일자리를 찾지 못하면 체류 자격이 만료될 수 있으므로, 이 경우에는 귀국해야 할 수 있습니다. 하지만 상황에 따라 체류 기간 연장이나 다른 지원 프로그램을 제공받을 수도 있으니, 반드시 고용센터에 문의하시고 주의사항을 확인하시는 것이 좋습니다.

결국, 가능한 빨리 움직이는 것이 좋으며, 새로운 일자리를 찾기 위해 노력을 게을리하지 않으셔야 합니다. 필요한 경우, 법률 상담이나 지원 기관의 도움을 받는 것도 고려해보세요.","['689b3a86ffd306c1cd3c07f9', '689b3a86ffd306c1cd3c0927', '689b3a86ffd306c1cd3c0856', '689b3a86ffd306c1cd3c0929', '689b3a86ffd306c1cd3c06ad', '689b3a86ffd306c1cd3c0877', '689b3a86ffd306c1cd3c08bf', '689b3a86ffd306c1cd3c076d', '689b3a86ffd306c1cd3c086e', '689b3a86ffd306c1cd3c07ac', '689b3a86ffd306c1cd3c0928', '689b3a86ffd306c1cd3c082b', '689b3a86ffd306c1cd3c0975', '689b3a86ffd306c1cd3c0926', '689b3a86ffd306c1cd3c08cc', '689b3a86ffd306c1cd3c07ff', '689b3a86ffd306c1cd3c0811', '689b3a86ffd306c1cd3c0940', '689b3a86ffd306c1cd3c0741', '689b3a86ffd306c1cd3c07ee']",0,0.0
"E-9 비자를 가진 외국인근로자가 근무 조건이 근로계약서와 다르다고 주장할 경우, 사업장 변경 사유로 인정받을 수 있나요? 그리고 이 경우 어떤 절차를 거쳐야 하나요?",持有E-9签证的外国劳动者，如果主张工作条件与劳动合同不符，这种情况能被认可为变更工作单位的理由吗？如果可以，需要经过哪些程序呢？,중국어,"['689b3a86ffd306c1cd3c06f2', '689b3a86ffd306c1cd3c094e']",사업장변경,"https://www.easylaw.go.kr/CSP/UnScOnhunListRlt.laf?onhunqnaAstSeq=&curPage=1&outmax=10&sch=%EC%99%B8%EA%B5%AD%EC%9D%B8&fsort=%5C, https://www.workinkorea.org/",홍석주,,,"E-9 비자를 가진 외국인 노동자가 근무 조건이 근로계약과 다르다고 주장할 경우, 이 상황이 사업장 변경의 사유로 인정될 수 있나요? 가능하다면 어떤 절차를 거쳐야 하나요?","['E-9 비자', '근로계약', '사업장 변경', '절차']","E-9 비자를 가진 외국인 노동자가 근무 조건이 근로계약과 다르다고 주장할 경우, 이 상황은 사업장 변경의 사유로 인정될 수 있습니다. 근로계약과 실제 근무 조건이 다를 경우, 이는 근로기준법 위반으로 간주될 수 있으며, 노동자는 이를 이유로 사업장 변경을 요청할 수 있습니다.

### 절차 안내:

1. **근로계약서 검토**: 우선, 본인이 서명한 근로계약서를 다시 확인하여 명시된 근무 조건과 실제 조건을 비교하세요.

2. **증거 수집**: 근무 조건이 다르다는 것을 입증할 수 있는 자료(예: 근무 시간, 급여 지급 내역, 업무 내용 등)를 수집하십시오.

3. **상담 요청**: 지역 관할 고용노동청이나 외국인 근로자 지원 센터에 연락하여 상담을 받으세요. 그들은 상황에 맞는 적절한 조치를 안내해 줄 수 있습니다.

4. **신청서 제출**: 사업장 변경을 원할 경우, 관련 서류와 증거 자료를 준비하여 고용노동청에 사업장 변경 요청서를 제출해야 합니다.

5. **기다리기**: 신청서를 제출한 후, 관련 기관의 심사와 결정에 따라 사업장 변경 가능 여부가 통보됩니다.

6. **새로운 사업장 탐색**: 만약 변경이 승인된다면, 새 사업장을 찾아 직무를 계속할 수 있습니다.

이러한 절차에 따라 준비하신다면, 보다 원활하게 문제를 해결할 수 있을 것입니다. 필요할 경우 추가적인 법적 도움도 고려해 보세요.","['689b3a86ffd306c1cd3c06da', '689b3a86ffd306c1cd3c07fa', '689b3a86ffd306c1cd3c06db', '689b3a86ffd306c1cd3c092b', '689b3a86ffd306c1cd3c0766', '689b3a86ffd306c1cd3c06f2', '689b3a86ffd306c1cd3c092e', '689b3a86ffd306c1cd3c0854', '689b3a86ffd306c1cd3c07a0', '689b3a86ffd306c1cd3c08bf', '689b3a86ffd306c1cd3c08c8', '689b3a86ffd306c1cd3c092c', '689b3a86ffd306c1cd3c0779', '689b3a86ffd306c1cd3c0923', '689b3a86ffd306c1cd3c07c3', '689b3a86ffd306c1cd3c076a', '689b3a86ffd306c1cd3c092d', '689b3a86ffd306c1cd3c0818', '689b3a86ffd306c1cd3c067a', '689b3a86ffd306c1cd3c0806']",1,0.5
"비자 만료 전에 연장을 신청하려고 할 때, 어떤 기관에 방문해야 하고 온라인으로도 신청할 수 있나요?","Viza muddati tugashidan oldin uzaytirishga ariza bermoqchi bo‘lsam, qaysi idoraga borishim kerak va onlayn tarzda ham ariza topshirish mumkinmi?",우즈베크어,['689b3a86ffd306c1cd3c06de'],체류자격,https://www.workinkorea.org/,홍석주,,,"비자 만료 전에 연장을 신청하고 싶다면 어떤 기관에 가야 하고, 온라인으로도 신청할 수 있나요?","['비자 연장', '신청 기관', '온라인 신청']","비자 연장을 신청하려면 외국인 등록증을 발급받은 지역의 출입국관리사무소에 방문해야 합니다. 한국에서는 출입국관리사무소가 관할하는 기관으로, 비자 연장 관련 업무를 담당하고 있습니다.

온라인 신청이 가능한 경우도 있지만, 특정 종류의 비자에 따라 다를 수 있으니, 꼭 확인해야 합니다. 온라인 신청을 원하신다면 '출입국·외국인정책본부'의 공식 웹사이트를 방문하여 필요한 정보를 확인하시기 바랍니다. 거기서 온라인으로 신청할 수 있는 항목들을 안내받을 수 있습니다.

비자 연장은 만료일 이전에 신청해야 하므로 충분한 여유를 두고 진행하는 것이 좋습니다. 필요 서류와 절차에 대한 안내는 웹사이트에서 확인할 수 있습니다. 추가적인 질문이 있다면 언제든지 말씀해 주세요!","['689b3a86ffd306c1cd3c06de', '689b3a86ffd306c1cd3c06e0', '689b3a86ffd306c1cd3c07b1', '689b3a86ffd306c1cd3c090b', '689b3a86ffd306c1cd3c06e4', '689b3a86ffd306c1cd3c090c', '689b3a86ffd306c1cd3c0878', '689b3a86ffd306c1cd3c0837', '689b3a86ffd306c1cd3c0909', '689b3a86ffd306c1cd3c090a', '689b3a86ffd306c1cd3c07cf', '689b3a86ffd306c1cd3c0870', '689b3a86ffd306c1cd3c08ee', '689b3a86ffd306c1cd3c085d', '689b3a86ffd306c1cd3c07bd', '689b3a86ffd306c1cd3c08f8', '689b3a86ffd306c1cd3c06f0', '689b3a86ffd306c1cd3c08d6', '689b3a86ffd306c1cd3c088a', '689b3a86ffd306c1cd3c0883']",1,1.0
세금이나 건강보험료를 체납한 경우에도 비자 연장이 가능한가요? 만약 미납 상태라면 어떤 제재가 따르나요?,"Kung may hindi nabayarang buwis o kontribusyon sa health insurance, posible pa rin ba ang pag-renew ng visa? At kung may utang pa, anong uri ng parusa ang ipapataw?",필리핀어 (타갈로그어),"['689b3a86ffd306c1cd3c0758', '689b3a86ffd306c1cd3c08f8']",체류자격,"https://www.immigration.go.kr/, https://www.moj.go.kr/",홍석주,,,세금이나 건강보험 기여금이 미납된 경우 비자 갱신이 가능한가요? 그리고 만약 빚이 있다면 어떤 종류의 처벌이 부과되나요?,"['비자 갱신', '세금 미납', '건강보험 기여금', '처벌']","세금이나 건강보험 기여금이 미납된 경우, 비자 갱신이 어려울 수 있습니다. 한국에서 비자를 갱신할 때는 관련 기관에서 납부 여부를 확인하며, 미납이 있을 경우 비자 연장이 거부될 수 있습니다.

빚이 있는 경우에는 다음과 같은 처벌이 있을 수 있습니다:

1. **비자 갱신 불허**: 미납된 세금이나 건강보험 기여금이 있다면, 비자 갱신이 불가능할 수 있습니다.
2. **체납 처분**: 세금 체납 시 세무서에서 압류 등 강제 집행을 받을 수 있습니다.
3. **신용에 대한 영향**: 미납 정보가 기록되면, 개인 신용에 부정적인 영향을 미칠 수 있습니다.
4. **법적 조치**: 일정 기간 미납이 지속되면 법적인 조치를 받을 수 있습니다.

해결 방안으로는, 미납된 세금이나 건강보험 기여금을 가능한 빨리 납부하는 것이 가장 중요합니다. 또한, 관련 기관에 직접 문의하여 상황을 설명하고, 납부 계획을 제안하는 등의 대처를 하는 것이 좋습니다. 필요하다면 법률 상담을 받는 것도 고려해 보세요.","['689b3a86ffd306c1cd3c08f8', '689b3a86ffd306c1cd3c0758', '689b3a86ffd306c1cd3c0693', '689b3a86ffd306c1cd3c089b', '689b3a86ffd306c1cd3c093a', '689b3a86ffd306c1cd3c068c', '689b3a86ffd306c1cd3c0869', '689b3a86ffd306c1cd3c06de', '689b3a86ffd306c1cd3c068e', '689b3a86ffd306c1cd3c06af', '689b3a86ffd306c1cd3c0705', '689b3a86ffd306c1cd3c08cb', '689b3a86ffd306c1cd3c07d3', '689b3a86ffd306c1cd3c08ae', '689b3a86ffd306c1cd3c0897', '689b3a86ffd306c1cd3c0809', '689b3a86ffd306c1cd3c06e9', '689b3a86ffd306c1cd3c08ab', '689b3a86ffd306c1cd3c067e', '689b3a86ffd306c1cd3c0935']",1,1.0
"근무하다가 작업 중 다쳐서 병원 치료를 받게 된 경우, 고용주가 산재보험에 가입하지 않았다면 재해보상을 받을 수 있나요? 그리고 어디에 문의해야 하나요?","Ish jarayonida jarohat olib, shifoxonada davolanishga to‘g‘ri kelgan taqdirda, agar ish beruvchi ishlab chiqarishdagi baxtsiz hodisalar sug‘urtasiga qo‘shilmagan bo‘lsa, men jarohat uchun tovon olishim mumkinmi? Shuningdek, bu borada qayerga murojaat qilishim kerak?",우즈베크어,"['689b3a86ffd306c1cd3c099b', '689b3a86ffd306c1cd3c09a7']",산재,"https://kin.naver.com/userinfo/answerList.naver?, https://easylaw.go.kr/CSP/CnpClsMain.laf?popMenu=ov&csmSeq=570&ccfNo=1&cciNo=1&cnpClsNo=1&search_put=isSearch=true&isWorry=false&u=LozJsi3cGuRd5Y5PklLl8GwBQI1V%2BpaEnpueNikIQss%3D&section=qna&sd=answer&query=%EC%99%B8%EA%B5%AD%EC%9D%B8&x=0&y=0",홍석주,,,"근무 중에 부상을 당해 병원에서 치료를 받아야 하는 경우, 만약 고용주가 산업재해 보험에 가입하지 않았다면, 저는 부상에 대한 보상을 받을 수 있나요? 또한, 이와 관련하여 어디에 문의해야 하나요?","['부상', '보상', '산업재해 보험', '문의처']","근무 중에 부상을 당하셨다면 우선 매우 안타까운 일입니다. 만약 고용주가 산업재해 보험에 가입하지 않았다면, 보상받는 것이 어려울 수 있지만, 이를 포기할 필요는 없습니다. 아래의 방법으로 대응하실 수 있습니다.

1. **병원 치료 및 진단서 확보**: 부상 치료를 받은 병원의 진단서를 반드시 확보하세요. 이 서류는 나중에 보상 문제를 해결하는 데 중요한 증거가 됩니다.

2. **고용주에게 알리기**: 고용주에게 사고 사실을 공식적으로 알려야 합니다. 사고가 발생한 날짜와 시간, 부상 상태를 문서로 기록해 두세요.

3. **근로복지공단 상담**: 산업재해 보험에 가입하지 않은 경우라도, 근로복지공단(1577-0199)이나 지역 노동청에 문의하셔서 상담을 받아보세요. 이들 기관은 다양한 지원책을 제공할 수 있습니다.

4. **증거자료 수집**: 사고의 경위, 목격자 진술, 사진 자료 등 가능한 모든 증거를 모으세요. 이는 향후 보상 청구 시 중요한 역할을 합니다.

5. **법적 조언**: 필요하다면 노동전문 변호사와 상담하여 법적 조치를 고려해 보시는 것도 좋습니다. 경우에 따라 노동청이나 법원에 고용주에 대한 추가 조치를 요구할 수 있습니다.

이러한 단계를 통해 보상을 받을 수 있는 가능성을 높일 수 있습니다. 부상이 빨리 회복되시길 바랍니다!","['689b3a86ffd306c1cd3c09c9', '689b3a86ffd306c1cd3c06f1', '689b3a86ffd306c1cd3c06fe', '689b3a86ffd306c1cd3c09c6', '689b3a86ffd306c1cd3c09c3', '689b3a86ffd306c1cd3c0939', '689b3a86ffd306c1cd3c09c4', '689b3a86ffd306c1cd3c09c8', '689b3a86ffd306c1cd3c09c2', '689b3a86ffd306c1cd3c09a9', '689b3a86ffd306c1cd3c09c7', '689b3a86ffd306c1cd3c06ae', '689b3a86ffd306c1cd3c093a', '689b3a86ffd306c1cd3c09a8', '689b3a86ffd306c1cd3c09b3', '689b3a86ffd306c1cd3c093d', '689b3a86ffd306c1cd3c09b6', '689b3a86ffd306c1cd3c09a7', '689b3a86ffd306c1cd3c09b4', '689b3a86ffd306c1cd3c09b7']",1,0.5
"업무 중 감염병에 걸렸을 때, 이를 업무상 질병으로 인정받으려면 어떤 기준이 적용되나요?","Kapag nahawa ng nakakahawang sakit habang nagtatrabaho, anong pamantayan ang ginagamit para ito ay kilalanin bilang sakit na dulot ng trabaho?",필리핀어 (타갈로그어),"['689b3a86ffd306c1cd3c09b7', '689b3a86ffd306c1cd3c09bc']",산재,"https://easylaw.go.kr/CSP/CnpClsMain.laf?popMenu=ov&csmSeq=570&ccfNo=1&cciNo=1&cnpClsNo=1&search_put=, https://easylaw.go.kr/CSP/CnpClsMain.laf?popMenu=ov&csmSeq=570&ccfNo=1&cciNo=1&cnpClsNo=1&search_put=",홍석주,,,"근무 중 전염병에 감염되었을 때, 이를 업무상 질병으로 인정하기 위해 어떤 기준이 사용되나요?","['전염병', '업무상 질병', '기준']","근무 중 전염병에 감염된 경우, 이를 업무상 질병으로 인정받기 위해서는 몇 가지 기준이 있습니다. 일반적으로 고려되는 요소들은 다음과 같습니다:

1. **감염 경로 확인**: 감염이 근무 환경이나 업무와 직접적으로 연관이 있어야 합니다. 예를 들어, 특정 전염병이 직장에서 발생한 경우, 해당 근로자가 이를 감염의 원인으로 주장할 수 있습니다.

2. **산업재해 적용**: 한국의 산업재해보상보험법에서는 특정한 질병이 업무로 인한 것일 경우 보상을 제공합니다. 전염병이 업무 특성상 발생할 위험이 높은 환경(예: 의료기관, 밀집된 작업장 등)에서 감염되었다면 더욱 유리하게 평가될 수 있습니다.

3. **의학적 증명**: 감염병 진단서와 함께, 감염 경로 및 시점을 정확히 기록한 문서가 필요합니다. 이를 통해 감염이 업무와 연관이 있음을 강조하는 증거로 활용할 수 있습니다.

4. **근로자의 업무 내용**: 근로자가 수행하는 업무의 성격, 근무 기간 및 업무와 관련된 사고 여부 또한 고려됩니다. 예를 들어, 고객과의 빈번한 접촉이 요구되는 직무는 감염 위험이 더 높다고 판단될 수 있습니다.

5. **기타 변호적 요건**: 간혹 해당 전염병에 대한 정부의 지침이나 경고도 참고할 수 있습니다. 정부가 특정 지역이나 상황을 통해 전염병 확산을 경고하는 경우, 이를 근거로 삼아 업무상 질병을 주장할 수 있습니다.

이런 기준들을 바탕으로 자신이 감염된 전염병을 업무상 질병으로 인정받고 싶다면, 관련 증거를 잘 정리하여 산업재해보상보험에 신청하는 것이 좋습니다. 필요시 법률 전문가의 도움을 받을 수도 있습니다.","['689b3a86ffd306c1cd3c09bc', '689b3a86ffd306c1cd3c09b7', '689b3a86ffd306c1cd3c09b6', '689b3a86ffd306c1cd3c09bb', '689b3a86ffd306c1cd3c09b9', '689b3a86ffd306c1cd3c09c0', '689b3a86ffd306c1cd3c09bf', '689b3a86ffd306c1cd3c09ba', '689b3a86ffd306c1cd3c09bd', '689b3a86ffd306c1cd3c09c4', '689b3a86ffd306c1cd3c09be', '689b3a86ffd306c1cd3c09b8', '689b3a86ffd306c1cd3c09c1', '689b3a86ffd306c1cd3c09b2', '689b3a86ffd306c1cd3c06f1', '689b3a86ffd306c1cd3c06fe', '689b3a86ffd306c1cd3c075f', '689b3a86ffd306c1cd3c07af', '689b3a86ffd306c1cd3c08c8', '689b3a86ffd306c1cd3c09c8']",1,1.0
"출국만기보험금을 신청하려면 어떤 자격 요건을 충족해야 하고, 신청 시기는 언제부터 가능한가요?",申请出国满期保险金需要符合哪些资格条件？从什么时候开始可以申请呢？,중국어,"['689b3a86ffd306c1cd3c0744', '689b3a86ffd306c1cd3c0831']",보험,"https://eps.hrdkorea.or.kr/, https://www.moel.go.kr/minwon/fastcounsel/fastcounselView.do?inetDcssMngId=202207041501442181000",홍석주,,,해외 만기 보험금을 신청하려면 어떤 자격 조건을 충족해야 하나요? 언제부터 신청할 수 있나요?,"['해외 만기 보험금', '자격 조건', '신청 시기']","해외 만기 보험금을 신청하기 위해서는 몇 가지 자격 조건을 충족해야 합니다. 일반적으로 필요한 조건은 다음과 같습니다:

1. **보험계약이 유효해야 합니다**: 신청하려는 보험이 만기되어야 하며, 보험금 지급 조건이 충족되어야 합니다.

2. **신청자 본인 확인**: 보험금 신청자는 해당 보험의 계약자 또는 피보험자이어야 합니다. 본인 확인을 위한 신분증이나 여권이 필요할 수 있습니다.

3. **필요 서류 준비**: 보험금 신청 시에는 보통 보험 가입 증명서, 신원 확인 서류, bank account 정보 (돈을 받을 계좌) 등이 필요합니다.

신청할 수 있는 시점은 보험이 만기된 날로부터 보통 30일 이내입니다. 그러나 특정 보험의 규정에 따라 달라질 수 있으므로, 해당 보험사의 안내문이나 상담서비스를 통해 정확한 정보를 확인하는 것이 좋습니다.

신청 절차와 필요한 서류에 대해 더 자세한 내용이 필요하시면, 해당 보험사의 고객센터에 직접 문의하는 것이 가장 확실합니다.","['689b3a86ffd306c1cd3c0937', '689b3a86ffd306c1cd3c069a', '689b3a86ffd306c1cd3c06ec', '689b3a86ffd306c1cd3c0809', '689b3a86ffd306c1cd3c093a', '689b3a86ffd306c1cd3c093b', '689b3a86ffd306c1cd3c0681', '689b3a86ffd306c1cd3c06e2', '689b3a86ffd306c1cd3c067b', '689b3a86ffd306c1cd3c0852', '689b3a86ffd306c1cd3c06b2', '689b3a86ffd306c1cd3c0694', '689b3a86ffd306c1cd3c0936', '689b3a86ffd306c1cd3c067c', '689b3a86ffd306c1cd3c06c3', '689b3a86ffd306c1cd3c0846', '689b3a86ffd306c1cd3c08b1', '689b3a86ffd306c1cd3c0939', '689b3a86ffd306c1cd3c096f', '689b3a86ffd306c1cd3c081a']",0,0.0
"본국으로 돌아갈 때, 귀국비용보험은 언제부터 신청할 수 있으며, 어떤 서류를 준비해야 하나요?","When returning to my home country, from when can I apply for the return cost insurance, and what documents do I need to prepare?",영어,"['689b3a86ffd306c1cd3c0831', '689b3a86ffd306c1cd3c0744']",보험,"https://www.moel.go.kr/minwon/fastcounsel/fastcounselView.do?inetDcssMngId=202207041501442181000, https://eps.hrdkorea.or.kr/",홍석주,,,"고국으로 돌아갈 때, 언제부터 귀국비용 보험을 신청할 수 있으며, 어떤 서류를 준비해야 하나요?","['귀국비용 보험', '신청 시기', '필요 서류']","귀국비용 보험을 신청하는 방법은 다음과 같습니다:

1. **신청 기간**: 일반적으로 귀국비용 보험은 근로 계약 종료일로부터 시작하여, 고국으로 돌아가려는 날짜의 일정 시점에 신청할 수 있습니다. 구체적인 신청 가능 기간은 보험회사마다 다를 수 있으므로, 보험 약관을 확인하는 것이 중요합니다.

2. **준비해야 할 서류**:
   - **신청서**: 보험회사에서 제공하는 신청서를 작성해야 합니다.
   - **근로 계약서 사본**: 근로 계약이 종료되었음을 증명하기 위해 필요합니다.
   - **여권 사본**: 귀국을 증명할 수 있는 서류로 여권의 사본이 필요합니다.
   - **항공권 사본**: 귀국 항공권을 제출해야 할 수도 있습니다.
   - **보험증서 사본**: 이전에 가입한 보험의 증명서가 요구될 수 있습니다.

보험회사에 따라 추가 서류가 필요할 수 있으니, 신청 전에 해당 보험회사에 직접 문의하여 필요한 서류를 정확히 확인하는 것이 좋습니다. 또한, 신청은 가능한 한 빨리 진행하는 것이 좋습니다, 왜냐하면 심사 시간이 필요할 수 있기 때문입니다.

혹시 더 궁금한 점이 있거나 추가 질문이 있다면 알려주세요!","['689b3a86ffd306c1cd3c0809', '689b3a86ffd306c1cd3c0937', '689b3a86ffd306c1cd3c0901', '689b3a86ffd306c1cd3c093a', '689b3a86ffd306c1cd3c0868', '689b3a86ffd306c1cd3c096f', '689b3a86ffd306c1cd3c093b', '689b3a86ffd306c1cd3c0694', '689b3a86ffd306c1cd3c06ec', '689b3a86ffd306c1cd3c06df', '689b3a86ffd306c1cd3c07d3', '689b3a86ffd306c1cd3c0803', '689b3a86ffd306c1cd3c0910', '689b3a86ffd306c1cd3c093d', '689b3a86ffd306c1cd3c0865', '689b3a86ffd306c1cd3c0742', '689b3a86ffd306c1cd3c081a', '689b3a86ffd306c1cd3c0940', '689b3a86ffd306c1cd3c08cc', '689b3a86ffd306c1cd3c0911']",0,0.0
